tourney_date,match_date,tourney_name,round,surface,tournament_importance,player,opponent,side,model_type,model_probability,odds,closing_odds,clv,market_probability,edge,ev,won,stake,profit
2018-12-31,2019-01-01,Doha,R32,Hard,3,Pierre Hugues Herbert,Dominic Thiem,player2,top_10,0.3839362145109013,3.75,3.77,-0.0053050397877983935,0.25,0.13393621451090132,0.43976080441587984,True,1.0,2.75
2018-12-31,2019-01-01,Doha,R32,Hard,3,Damir Dzumhur,Novak Djokovic,player2,top_10,0.11855970294634466,11.0,12.85,-0.14396887159533067,0.08713692946058092,0.031422773485763736,0.30415673240979124,False,1.0,-1.0
2018-12-31,2019-01-02,Pune,R16,Hard,3,Kevin Anderson,Laslo Djere,player2,top_10,0.8745819915878583,1.25,1.32,-0.053030303030303094,0.75,0.12458199158785832,0.0932274894848229,True,1.0,0.25
2018-12-31,2019-01-02,Brisbane,R16,Hard,3,Denis Kudla,Kei Nishikori,player2,top_10,0.2670259796682126,5.0,5.17,-0.03288201160541582,0.1883116883116883,0.07871429135652433,0.3351298983410631,False,1.0,-1.0
2018-12-31,2019-01-03,Brisbane,QF,Hard,3,Grigor Dimitrov,Kei Nishikori,player2,top_10,0.5007591873557637,2.3,2.26,0.017699115044247815,0.411764705882353,0.08899448147341077,0.1517461309182565,False,1.0,-1.0
2018-12-31,2019-01-04,Doha,SF,Hard,3,Roberto Bautista Agut,Novak Djokovic,player2,top_10,0.2144838288822134,5.0,4.95,0.010101010101010166,0.1883116883116883,0.02617214057052511,0.072419144411067,True,1.0,4.0
2018-12-31,2019-01-06,Brisbane,F,Hard,3,Daniil Medvedev,Kei Nishikori,player2,top_10,0.48425180468248663,2.37,2.36,0.004237288135593209,0.398477157360406,0.08577464732208062,0.14767677709749338,False,1.0,-1.0
2019-01-07,2019-01-08,Auckland,R16,Hard,3,Taylor Fritz,John Isner,player1,top_10,0.4385733378180537,2.37,2.4,-0.012499999999999956,0.39230769230769225,0.04626564551036144,0.03941881062878727,True,1.0,1.37
2019-01-14,2019-01-14,Australian Open,R128,Hard,5,Peter Gojowczyk,Karen Khachanov,player1,other,0.1636695901770869,6.5,7.07,-0.08062234794908063,0.14586070959264127,0.01780888058444563,0.06385233615106489,False,1.0,-1.0
2019-01-14,2019-01-14,Australian Open,R128,Hard,5,John Isner,Reilly Opelka,player1,top_10,0.8483397340956729,1.5,1.46,0.027397260273972712,0.6359223300970874,0.21241740399858544,0.2725096011435093,False,1.0,-1.0
2019-01-14,2019-01-14,Australian Open,R128,Hard,5,James Duckworth,Rafael Nadal,player2,top_10,0.18999656544792298,11.0,11.64,-0.054982817869415834,0.08713692946058092,0.10285963598734206,1.0899622199271528,False,1.0,-1.0
2019-01-14,2019-01-15,Australian Open,R128,Hard,5,Kamil Majchrzak,Kei Nishikori,player1,top_10,0.11391873686748452,17.0,15.25,0.11475409836065564,0.05660377358490567,0.05731496328257885,0.9366185267472369,False,1.0,-1.0
2019-01-14,2019-01-15,Australian Open,R128,Hard,5,Steve Darcis,Borna Coric,player2,other,0.18790901292532403,5.5,5.37,0.024208566108007368,0.1716867469879518,0.01622226593737222,0.03349957108928214,False,1.0,-1.0
2019-01-14,2019-01-15,Australian Open,R128,Hard,5,Benoit Paire,Dominic Thiem,player1,top_10,0.4295688741376467,3.75,3.68,0.01902173913043481,0.25447316103379725,0.17509571310384947,0.610883278016175,False,1.0,-1.0
2019-01-14,2019-01-16,Australian Open,R64,Hard,5,John Millman,Roberto Bautista Agut,player1,other,0.3184295318818628,3.4,3.46,-0.017341040462427793,0.28118393234672306,0.03724559953513973,0.08266040839833355,False,1.0,-1.0
2019-01-14,2019-01-16,Australian Open,R64,Hard,5,Matthew Ebden,Rafael Nadal,player2,top_10,0.13796707892551496,10.0,9.92,0.008064516129032251,0.09584086799276674,0.04212621093274822,0.37967078925514963,False,1.0,-1.0
2019-01-14,2019-01-17,Australian Open,R64,Hard,5,Novak Djokovic,Jo-Wilfried Tsonga,player1,top_10,0.9729929802649622,1.06,1.06,0.0,0.9041591320072333,0.06883384825772887,0.03137255908085995,True,1.0,0.06000000000000005
2019-01-14,2019-01-18,Australian Open,R32,Hard,5,Marin Cilic,Fernando Verdasco,player2,top_10,0.8350135629859144,1.28,1.3,-0.015384615384615441,0.7455268389662029,0.08948672401971158,0.06881736062197052,True,1.0,0.28
2019-01-14,2019-01-18,Australian Open,R32,Hard,5,Diego Schwartzman,Tomas Berdych,player1,other,0.26805908344666063,4.0,4.04,-0.00990099009900991,0.23809523809523808,0.029963845351422547,0.07223633378664251,False,1.0,-1.0
2019-01-14,2019-01-19,Australian Open,R32,Hard,5,Alex Bolt,Alexander Zverev,player1,top_10,0.16019264211983092,13.0,10.63,0.22295390404515514,0.07407407407407408,0.08611856804575684,1.082504347557802,False,1.0,-1.0
2019-01-14,2019-01-20,Australian Open,R16,Hard,5,Marin Cilic,Roberto Bautista Agut,player1,top_10,0.6941862121697782,1.72,1.72,0.0,0.549738219895288,0.14444799227449012,0.19400028493201843,False,1.0,-1.0
2019-01-14,2019-01-20,Australian Open,R16,Hard,5,Roger Federer,Stefanos Tsitsipas,player1,top_10,0.9161042935423591,1.14,1.16,-0.017241379310344862,0.8283132530120482,0.08779104053031095,0.04435889463828929,False,1.0,-1.0
2019-01-14,2019-01-21,Australian Open,R16,Hard,5,Daniil Medvedev,Novak Djokovic,player1,top_10,0.18114389797279581,6.5,6.4,0.015625,0.14586070959264127,0.03528318838015454,0.1774353368231728,False,1.0,-1.0
2019-01-14,2019-01-21,Australian Open,R16,Hard,5,Milos Raonic,Alexander Zverev,player1,top_10,0.5785022523701722,2.2,2.13,0.032863849765258246,0.43005181347150256,0.1484504388986696,0.2727049552143789,True,1.0,1.2000000000000002
2019-01-14,2019-01-24,Australian Open,SF,Hard,5,Rafael Nadal,Stefanos Tsitsipas,player2,top_10,0.935165203896558,1.16,1.18,-0.016949152542372947,0.8116883116883117,0.12347689220824631,0.08479163652000721,True,1.0,0.15999999999999992
2019-01-14,2019-01-25,Australian Open,SF,Hard,5,Lucas Pouille,Novak Djokovic,player2,top_10,0.11229437203288417,11.0,10.45,0.052631578947368585,0.08713692946058092,0.02515744257230325,0.23523809236172588,False,1.0,-1.0
2019-01-14,2019-01-27,Australian Open,F,Hard,5,Novak Djokovic,Rafael Nadal,player2,top_10,0.6289621303312996,1.74,1.75,-0.005714285714285672,0.5526992287917738,0.07626290153952575,0.0943941067764612,True,1.0,0.74
2019-02-04,2019-02-07,Cordoba,R16,Clay,3,Alessandro Giannessi,Diego Schwartzman,player1,other,0.1459501078774676,8.0,7.99,0.0012515644555695093,0.11894273127753305,0.027007376599934546,0.16760086301974075,False,1.0,-1.0
2019-02-11,2019-02-13,Rotterdam,R32,Hard,3,Thomas Fabbiano,Jo-Wilfried Tsonga,player2,other,0.21486468491777155,5.5,6.2,-0.11290322580645162,0.1716867469879518,0.04317793792981975,0.18175576704774354,False,1.0,-1.0
2019-02-11,2019-02-14,New York,R16,Hard,3,John Isner,Bernard Tomic,player1,top_10,0.8811101998322786,1.4,1.37,0.021897810218977964,0.6626506024096386,0.21845959742263998,0.2335542797651899,True,1.0,0.3999999999999999
2019-02-11,2019-02-14,Buenos Aires,R16,Clay,3,Maximilian Marterer,Dominic Thiem,player1,top_10,0.2495758246734304,4.5,4.87,-0.07597535934291588,0.2077464788732394,0.04182934580019099,0.12309121103043685,False,1.0,-1.0
2019-02-11,2019-02-15,Rotterdam,QF,Hard,3,Damir Dzumhur,Gael Monfils,player2,other,0.2576282323974606,4.33,4.25,0.018823529411764683,0.2198198198198198,0.03780841257764078,0.11553024628100428,False,1.0,-1.0
2019-02-11,2019-02-15,Rotterdam,QF,Hard,3,Marton Fucsovics,Kei Nishikori,player2,top_10,0.24699259877993918,4.5,4.58,-0.017467248908296984,0.21052631578947367,0.036466282990465504,0.11146669450972635,False,1.0,-1.0
2019-02-11,2019-02-15,Buenos Aires,QF,Clay,3,Pablo Cuevas,Dominic Thiem,player2,top_10,0.32989763733248634,3.5,3.62,-0.03314917127071826,0.27083333333333337,0.05906430399915297,0.15464173066370213,False,1.0,-1.0
2019-02-11,2019-02-16,Rotterdam,SF,Hard,3,Stan Wawrinka,Kei Nishikori,player1,top_10,0.43615303001222994,2.5,2.48,0.008064516129032251,0.3796526054590571,0.056500424553172834,0.09038257503057479,True,1.0,1.5
2019-02-11,2019-02-16,New York,QF,Hard,3,Jordan Thompson,John Isner,player1,top_10,0.41312378456061927,3.4,3.52,-0.03409090909090917,0.28118393234672306,0.1319398522138962,0.4046208675061055,False,1.0,-1.0
2019-02-11,2019-02-16,Buenos Aires,SF,Clay,3,Dominic Thiem,Diego Schwartzman,player1,top_10,0.8028950454710537,1.4,1.42,-0.014084507042253502,0.6818181818181818,0.12107686365287196,0.12405306365947516,False,1.0,-1.0
2019-02-18,2019-02-20,Delray Beach,R32,Hard,3,Juan Martin del Potro,Yoshihito Nishioka,player1,top_10,0.8327394094809718,1.25,1.32,-0.053030303030303094,0.75,0.0827394094809718,0.040924261851214755,True,1.0,0.25
2019-02-18,2019-02-20,Delray Beach,R16,Hard,3,John Isner,Lukas Lacko,player1,top_10,0.9439857054403364,1.11,1.12,-0.008928571428571397,0.8541392904073586,0.08984641503297786,0.047824133038773545,True,1.0,0.1100000000000001
2019-02-18,2019-02-22,Delray Beach,R16,Hard,3,Juan Martin del Potro,Reilly Opelka,player2,top_10,0.6929307664478245,1.5,1.51,-0.0066225165562914245,0.625,0.06793076644782448,0.03939614967173671,True,1.0,0.5
2019-02-18,2019-02-22,Delray Beach,QF,Hard,3,Adrian Mannarino,John Isner,player1,top_10,0.2461217869860295,4.33,4.1,0.056097560975609806,0.2198198198198198,0.026301967166209694,0.06570733764950776,False,1.0,-1.0
2019-02-18,2019-02-23,Delray Beach,SF,Hard,3,John Isner,Daniel Evans,player1,top_10,0.7425777000493743,1.44,1.42,0.014084507042253502,0.6563245823389022,0.08625311771047206,0.06931188807109895,False,1.0,-1.0
2019-02-25,2019-02-25,Dubai,R32,Hard,3,Roger Federer,Philipp Kohlschreiber,player2,top_10,0.98,1.1,1.11,-0.009009009009009028,0.8641975308641975,0.1158024691358025,0.07800000000000007,True,1.0,0.10000000000000009
2019-02-25,2019-02-26,Dubai,R32,Hard,3,Marin Cilic,Gael Monfils,player2,top_10,0.6920903471009866,1.8,1.93,-0.06735751295336778,0.5135135135135135,0.17857683358747312,0.2457626247817759,False,1.0,-1.0
2019-02-25,2019-02-26,Dubai,R32,Hard,3,Benoit Paire,Kei Nishikori,player2,top_10,0.27399654591581035,4.5,4.82,-0.06639004149377603,0.2077464788732394,0.06625006704257094,0.23298445662114664,False,1.0,-1.0
2019-02-25,2019-02-27,Dubai,R16,Hard,3,Egor Gerasimov,Stefanos Tsitsipas,player2,other,0.2438948819351482,4.33,4.3,0.006976744186046657,0.21699819168173598,0.02689669025341221,0.05606483877919166,False,1.0,-1.0
2019-02-25,2019-02-27,Acapulco,R32,Hard,3,Mischa Zverev,Rafael Nadal,player2,top_10,0.10486504171222344,11.0,10.09,0.09018830525272548,0.08713692946058092,0.017728112251642517,0.15351545883445783,False,1.0,-1.0
2019-02-25,2019-02-27,Acapulco,R16,Hard,3,Peter Gojowczyk,John Millman,player1,other,0.375125272940085,2.75,2.79,-0.014336917562724039,0.3373493975903614,0.0377758753497236,0.03159450058523383,False,1.0,-1.0
2019-02-25,2019-02-28,Dubai,QF,Hard,3,Marton Fucsovics,Roger Federer,player1,top_10,0.28555799824829053,5.0,5.05,-0.00990099009900991,0.1883116883116883,0.09724630993660224,0.42778999124145267,False,1.0,-1.0
2019-02-25,2019-02-28,Acapulco,R16,Hard,3,David Ferrer,Alexander Zverev,player2,top_10,0.24293097192641577,5.0,4.89,0.02249488752556239,0.1883116883116883,0.05461928361472748,0.21465485963207886,False,1.0,-1.0
2019-02-25,2019-02-28,Acapulco,R16,Hard,3,Steve Johnson,Stan Wawrinka,player1,other,0.28724559953513973,3.75,3.65,0.027397260273972712,0.25,0.03724559953513973,0.07717099825677398,False,1.0,-1.0
2019-02-25,2019-03-01,Sao Paulo,QF,Clay,3,Marco Trungelliti,Guido Pella,player1,other,0.23394509925715992,4.5,4.62,-0.025974025974025983,0.21052631578947367,0.02341878346768625,0.052752946657219635,False,1.0,-1.0
2019-02-25,2019-03-01,Acapulco,QF,Hard,3,John Millman,John Isner,player1,top_10,0.46283717039383304,2.3,2.28,0.00877192982456143,0.411764705882353,0.051072464511480065,0.06452549190581591,False,1.0,-1.0
2019-02-25,2019-03-02,Dubai,F,Hard,3,Roger Federer,Stefanos Tsitsipas,player1,top_10,0.933101929334694,1.28,1.32,-0.030303030303030276,0.7455268389662029,0.18757509036849118,0.19437046954840842,True,1.0,0.28
2019-02-25,2019-03-02,Acapulco,SF,Hard,3,Cameron Norrie,Alexander Zverev,player2,top_10,0.280874111517174,5.0,5.09,-0.017681728880157177,0.1883116883116883,0.09256242320548572,0.40437055758587004,False,1.0,-1.0
2019-02-25,2019-03-02,Acapulco,SF,Hard,3,Nick Kyrgios,John Isner,player2,top_10,0.6137664344440832,1.72,1.74,-0.011494252873563204,0.549738219895288,0.06402821454879515,0.055678267243823076,True,1.0,0.72
2019-03-04,2019-03-09,Indian Wells Masters,R64,Hard,4,Felix Auger Aliassime,Stefanos Tsitsipas,player1,top_10,0.4138869612951542,3.0,3.03,-0.009900990099009799,0.3119266055045871,0.10196035579056706,0.24166088388546247,True,1.0,2.0
2019-03-04,2019-03-10,Indian Wells Masters,R64,Hard,4,Mackenzie Mcdonald,Daniil Medvedev,player1,other,0.28724559953513973,3.75,3.94,-0.048223350253807085,0.25,0.03724559953513973,0.07717099825677398,False,1.0,-1.0
2019-03-04,2019-03-10,Indian Wells Masters,R64,Hard,4,Nicolas Jarry,Kyle Edmund,player1,other,0.3144809930787147,3.4,3.43,-0.008746355685131268,0.2765957446808511,0.03788524839786361,0.0692353764676299,False,1.0,-1.0
2019-03-04,2019-03-10,Indian Wells Masters,R64,Hard,4,Martin Klizan,Alexander Zverev,player2,top_10,0.23087932000286115,5.5,6.12,-0.10130718954248363,0.1716867469879518,0.05919257301490935,0.26983626001573646,False,1.0,-1.0
2019-03-04,2019-03-10,Indian Wells Masters,R64,Hard,4,Jordan Thompson,Dominic Thiem,player1,top_10,0.39411499336007094,3.25,3.36,-0.03273809523809523,0.2903930131004367,0.10372198025963425,0.2808737284202305,False,1.0,-1.0
2019-03-04,2019-03-11,Indian Wells Masters,R32,Hard,4,Jan Lennard Struff,Alexander Zverev,player2,top_10,0.2797877163503044,5.0,4.94,0.012145748987854255,0.1883116883116883,0.09147602803861613,0.3989385817515221,True,1.0,4.0
2019-03-04,2019-03-11,Indian Wells Masters,R32,Hard,4,Gilles Simon,Dominic Thiem,player1,top_10,0.44112546103821204,3.0,2.97,0.010101010101009944,0.3181818181818181,0.12294364285639392,0.3233763831146361,False,1.0,-1.0
2019-03-04,2019-03-12,Indian Wells Masters,R32,Hard,4,John Isner,Guido Pella,player2,top_10,0.8583662356932734,1.22,1.24,-0.016129032258064502,0.7801801801801801,0.07818605551309332,0.04720680754579354,True,1.0,0.21999999999999997
2019-03-04,2019-03-12,Indian Wells Masters,R32,Hard,4,Hubert Hurkacz,Kei Nishikori,player1,top_10,0.357941780566305,3.2,3.38,-0.053254437869822424,0.2982456140350877,0.05969616653121729,0.14541369781217606,True,1.0,2.2
2019-03-04,2019-03-13,Indian Wells Masters,R16,Hard,4,John Isner,Karen Khachanov,player1,top_10,0.6994637459300199,1.61,1.64,-0.018292682926829174,0.588235294117647,0.11122845181237295,0.12613663094733213,False,1.0,-1.0
2019-03-04,2019-03-13,Indian Wells Masters,R16,Hard,4,Kyle Edmund,Roger Federer,player1,top_10,0.3454906144828118,4.5,4.52,-0.004424778761061843,0.21052631578947367,0.13496429869333815,0.5547077651726531,False,1.0,-1.0
2019-03-04,2019-03-14,Indian Wells Masters,R16,Hard,4,Ivo Karlovic,Dominic Thiem,player1,top_10,0.40213604512562073,3.5,3.43,0.020408163265306145,0.27083333333333337,0.13130271179228736,0.4074761579396725,False,1.0,-1.0
2019-03-04,2019-03-16,Indian Wells Masters,SF,Hard,4,Dominic Thiem,Milos Raonic,player1,top_10,0.4376037219198967,2.37,2.37,0.0,0.398477157360406,0.039126564559490706,0.03712082095015523,True,1.0,1.37
2019-03-04,2019-03-17,Indian Wells Masters,F,Hard,4,Dominic Thiem,Roger Federer,player1,top_10,0.26739366520470675,4.0,3.98,0.005025125628140614,0.23809523809523808,0.029298427109468672,0.06957466081882702,True,1.0,3.0
2019-03-18,2019-03-22,Miami Masters,R64,Hard,4,Kei Nishikori,Dusan Lajovic,player1,top_10,0.8891150459083326,1.18,1.16,0.01724137931034475,0.7922535211267606,0.09686152478157195,0.04915575417183238,False,1.0,-1.0
2019-03-18,2019-03-22,Miami Masters,R64,Hard,4,Mischa Zverev,Nikoloz Basilashvili,player1,other,0.31449569509939257,3.75,3.7,0.013513513513513375,0.25,0.06449569509939257,0.1793588566227221,False,1.0,-1.0
2019-03-18,2019-03-22,Miami Masters,R64,Hard,4,Hubert Hurkacz,Dominic Thiem,player1,top_10,0.405774556015049,3.0,3.18,-0.05660377358490576,0.3119266055045871,0.09384795051046191,0.21732366804514702,True,1.0,2.0
2019-03-18,2019-03-22,Miami Masters,R64,Hard,4,Ilya Ivashka,Kyle Edmund,player1,other,0.23116526234092566,4.5,4.6,-0.021739130434782483,0.2077464788732394,0.02341878346768625,0.040243680534165494,False,1.0,-1.0
2019-03-18,2019-03-23,Miami Masters,R64,Hard,4,Mackenzie Mcdonald,Stefanos Tsitsipas,player1,top_10,0.38526546252355826,3.75,3.84,-0.0234375,0.25,0.13526546252355826,0.4447454844633436,False,1.0,-1.0
2019-03-18,2019-03-24,Miami Masters,R64,Hard,4,David Ferrer,Alexander Zverev,player2,top_10,0.2976327022911728,4.0,4.05,-0.012345679012345623,0.23371647509578544,0.06391622719538734,0.19053080916469112,True,1.0,3.0
2019-03-18,2019-03-25,Miami Masters,R32,Hard,4,Kevin Anderson,Joao Sousa,player2,top_10,0.6923244947344314,1.53,1.52,0.006578947368421018,0.6203473945409429,0.07197710019348846,0.059256476943680025,True,1.0,0.53
2019-03-18,2019-03-26,Miami Masters,R32,Hard,4,Leonardo Mayer,Stefanos Tsitsipas,player1,top_10,0.36334798641525134,4.0,3.84,0.04166666666666674,0.23809523809523808,0.12525274832001326,0.4533919456610054,False,1.0,-1.0
2019-03-18,2019-03-26,Miami Masters,R16,Hard,4,Kevin Anderson,Jordan Thompson,player1,top_10,0.8053040158369336,1.4,1.42,-0.014084507042253502,0.6818181818181818,0.1234858340187518,0.12742562217170694,True,1.0,0.3999999999999999
2019-03-18,2019-03-26,Miami Masters,R16,Hard,4,John Isner,Kyle Edmund,player2,top_10,0.6770387579276788,1.9,1.85,0.027027027027026973,0.5,0.17703875792767876,0.2863736400625896,True,1.0,0.8999999999999999
2019-03-18,2019-03-26,Miami Masters,R16,Hard,4,Novak Djokovic,Roberto Bautista Agut,player1,top_10,0.8611461663447785,1.2,1.19,0.008403361344537785,0.7894736842105263,0.07167248213425215,0.03337539961373412,False,1.0,-1.0
2019-03-18,2019-03-27,Miami Masters,R16,Hard,4,Denis Shapovalov,Stefanos Tsitsipas,player1,top_10,0.544354466611205,2.2,2.2,0.0,0.43005181347150256,0.11430265313970245,0.19757982654465112,True,1.0,1.2000000000000002
2019-03-18,2019-03-27,Miami Masters,R16,Hard,4,Daniil Medvedev,Roger Federer,player1,top_10,0.3838752477991174,3.5,3.52,-0.005681818181818232,0.27083333333333337,0.11304191446578404,0.34356336729691095,False,1.0,-1.0
2019-03-18,2019-03-29,Miami Masters,QF,Hard,4,Kevin Anderson,Roger Federer,player1,top_10,0.32922292354572524,5.0,4.86,0.028806584362139898,0.1883116883116883,0.14091123523403695,0.6461146177286262,False,1.0,-1.0
2019-03-18,2019-03-29,Miami Masters,SF,Hard,4,Roger Federer,Denis Shapovalov,player1,top_10,0.9400480654224102,1.2,1.2,0.0,0.7894736842105263,0.15057438121188382,0.12805767850689215,True,1.0,0.19999999999999996
2019-04-08,2019-04-09,Marrakech,R32,Clay,3,Denis Istomin,Alexander Zverev,player2,top_10,0.18919042027661503,6.0,7.0,-0.1428571428571429,0.15730337078651685,0.031887049490098185,0.1351425216596902,False,1.0,-1.0
2019-04-08,2019-04-11,Marrakech,R16,Clay,3,Alexander Zverev,Jaume Munar,player2,top_10,0.8433427235808576,1.25,1.24,0.008064516129032251,0.75,0.0933427235808576,0.054178404476072,False,1.0,-1.0
2019-04-15,2019-04-17,Monte Carlo Masters,R32,Clay,4,Dominic Thiem,Martin Klizan,player2,top_10,0.8694876899604718,1.2,1.22,-0.016393442622950838,0.783001808318264,0.08648588164220772,0.04338522795256608,True,1.0,0.19999999999999996
2019-04-15,2019-04-17,Monte Carlo Masters,R32,Clay,4,Mikhail Kukushkin,Stefanos Tsitsipas,player1,top_10,0.40072676382704964,3.75,4.06,-0.07635467980295563,0.25,0.15072676382704964,0.5027253643514361,False,1.0,-1.0
2019-04-15,2019-04-18,Monte Carlo Masters,R16,Clay,4,Alexander Zverev,Fabio Fognini,player2,top_10,0.8520965770577356,1.25,1.25,0.0,0.7619047619047619,0.0901918151529737,0.06512072132216945,False,1.0,-1.0
2019-04-15,2019-04-18,Monte Carlo Masters,R16,Clay,4,Dominic Thiem,Dusan Lajovic,player2,top_10,0.9333080320045543,1.16,1.17,-0.008547008547008517,0.8116883116883117,0.12161972031624257,0.08263731712528286,False,1.0,-1.0
2019-04-15,2019-04-18,Monte Carlo Masters,R16,Clay,4,Stefanos Tsitsipas,Daniil Medvedev,player1,top_10,0.687716290047987,1.72,1.76,-0.022727272727272707,0.549738219895288,0.13797807015269892,0.18287201888253757,False,1.0,-1.0
2019-04-15,2019-04-19,Monte Carlo Masters,QF,Clay,4,Guido Pella,Rafael Nadal,player2,top_10,0.09393788241392298,17.0,15.87,0.07120352867044755,0.05660377358490567,0.03733410882901731,0.5969440010366907,False,1.0,-1.0
2019-04-22,2019-04-23,Barcelona,R32,Clay,3,Dominic Thiem,Diego Schwartzman,player1,top_10,0.8487432959728847,1.3,1.3,0.0,0.7234042553191489,0.1253390406537358,0.10336628476475013,True,1.0,0.30000000000000004
2019-04-22,2019-04-23,Barcelona,R32,Clay,3,Stefanos Tsitsipas,Marton Fucsovics,player1,top_10,0.8187738278801522,1.3,1.32,-0.015151515151515138,0.7234042553191489,0.09536957256100331,0.06440597624419789,True,1.0,0.30000000000000004
2019-04-22,2019-04-25,Barcelona,R16,Clay,3,Felix Auger Aliassime,Kei Nishikori,player1,top_10,0.4662545576587013,2.3,2.25,0.022222222222222143,0.411764705882353,0.0544898517763483,0.07238548261501287,False,1.0,-1.0
2019-04-22,2019-04-25,Barcelona,R16,Clay,3,Jan Lennard Struff,Stefanos Tsitsipas,player1,top_10,0.3984309629892396,3.75,3.73,0.00536193029490617,0.25447316103379725,0.14395780195544233,0.4941161112096484,True,1.0,2.75
2019-04-22,2019-04-25,Barcelona,R16,Clay,3,David Ferrer,Rafael Nadal,player2,top_10,0.19441887890161968,5.5,5.59,-0.01610017889087656,0.1716867469879518,0.02273213191366788,0.06930383395890827,False,1.0,-1.0
2019-04-22,2019-04-26,Barcelona,QF,Clay,3,Kei Nishikori,Roberto Carballes Baena,player1,top_10,0.8764007390558989,1.22,1.27,-0.03937007874015752,0.7801801801801801,0.09622055887571879,0.06920890164819662,True,1.0,0.21999999999999997
2019-04-22,2019-04-26,Barcelona,QF,Clay,3,Jan Lennard Struff,Rafael Nadal,player1,top_10,0.18523825740318395,10.0,9.4,0.06382978723404253,0.09584086799276674,0.08939738941041721,0.8523825740318394,False,1.0,-1.0
2019-04-22,2019-04-28,Barcelona,F,Clay,3,Dominic Thiem,Daniil Medvedev,player1,top_10,0.9064614817873049,1.28,1.29,-0.007751937984496138,0.7455268389662029,0.16093464282110204,0.1602706966877503,True,1.0,0.28
2019-04-29,2019-05-01,Estoril,R16,Clay,3,Guido Andreozzi,Stefanos Tsitsipas,player1,top_10,0.23902792955957963,4.5,4.97,-0.09456740442655931,0.2077464788732394,0.03128145068634022,0.07562568301810835,False,1.0,-1.0
2019-04-29,2019-05-02,Munich,R16,Clay,3,Taro Daniel,Guido Pella,player2,other,0.24501049925836804,4.5,4.82,-0.06639004149377603,0.2077464788732394,0.03726402038512863,0.10254724666265613,False,1.0,-1.0
2019-04-29,2019-05-04,Estoril,SF,Clay,3,Stefanos Tsitsipas,David Goffin,player1,top_10,0.7909412523065422,1.53,1.52,0.006578947368421018,0.6203473945409429,0.17059385776559932,0.21014011602900962,True,1.0,0.53
2019-05-06,2019-05-07,Madrid Masters,R32,Clay,4,Reilly Opelka,Dominic Thiem,player2,top_10,0.2925881497575151,6.0,5.88,0.020408163265306145,0.15730337078651685,0.13528477897099828,0.7555288985450908,False,1.0,-1.0
2019-05-06,2019-05-07,Madrid Masters,R32,Clay,4,Roger Federer,Richard Gasquet,player2,top_10,0.98,1.1,1.1,0.0,0.8641975308641975,0.1158024691358025,0.07800000000000007,True,1.0,0.10000000000000009
2019-05-06,2019-05-08,Madrid Masters,R32,Clay,4,Felix Auger Aliassime,Rafael Nadal,player2,top_10,0.2270892493362614,5.5,5.29,0.03969754253308122,0.1716867469879518,0.055402502348309596,0.24899087134943765,False,1.0,-1.0
2019-05-06,2019-05-08,Madrid Masters,R32,Clay,4,Hugo Dellien,Kei Nishikori,player1,top_10,0.2638053622564897,6.0,5.78,0.03806228373702414,0.15730337078651685,0.10650199146997286,0.5828321735389383,False,1.0,-1.0
2019-05-06,2019-05-08,Madrid Masters,R32,Clay,4,Juan Martin del Potro,Laslo Djere,player1,top_10,0.7136937441224965,1.72,1.76,-0.022727272727272707,0.5376344086021505,0.17605933552034603,0.22755323989069398,False,1.0,-1.0
2019-05-06,2019-05-09,Madrid Masters,R16,Clay,4,Frances Tiafoe,Rafael Nadal,player2,top_10,0.09743027404618687,11.0,10.39,0.05871029836381125,0.08713692946058092,0.010293344585605949,0.07173301450805558,False,1.0,-1.0
2019-05-06,2019-05-09,Madrid Masters,R16,Clay,4,Stan Wawrinka,Kei Nishikori,player2,top_10,0.6372499025662042,1.72,1.72,0.0,0.549738219895288,0.08751168267091614,0.09606983241387118,True,1.0,0.72
2019-05-06,2019-05-09,Madrid Masters,R16,Clay,4,Hubert Hurkacz,Alexander Zverev,player2,top_10,0.3559133490686498,3.2,2.93,0.0921501706484642,0.2982456140350877,0.057667735033562095,0.1389227170196794,False,1.0,-1.0
2019-05-06,2019-05-09,Madrid Masters,R16,Clay,4,Stefanos Tsitsipas,Fernando Verdasco,player1,top_10,0.7882111930422513,1.33,1.35,-0.014814814814814836,0.7188160676532769,0.06939512538897441,0.04832088674619428,True,1.0,0.33000000000000007
2019-05-06,2019-05-09,Madrid Masters,R16,Clay,4,Fabio Fognini,Dominic Thiem,player2,top_10,0.3728327317022896,3.2,3.17,0.009463722397476504,0.2982456140350877,0.07458711766720189,0.19306474144732677,False,1.0,-1.0
2019-05-06,2019-05-09,Madrid Masters,R16,Clay,4,Gael Monfils,Roger Federer,player2,top_10,0.325221610549263,3.5,3.62,-0.03314917127071826,0.27083333333333337,0.05438827721592965,0.13827563692242062,False,1.0,-1.0
2019-05-06,2019-05-10,Madrid Masters,QF,Clay,4,Stefanos Tsitsipas,Alexander Zverev,player1,top_10,0.7118636155310849,1.66,1.69,-0.017751479289940808,0.5699481865284974,0.14191542900258747,0.18169360178160088,True,1.0,0.6599999999999999
2019-05-06,2019-05-10,Madrid Masters,QF,Clay,4,Roger Federer,Dominic Thiem,player1,top_10,0.5289733624024062,2.75,2.83,-0.028268551236749095,0.3436754176610979,0.18529794474130834,0.45467674660661705,False,1.0,-1.0
2019-05-06,2019-05-10,Madrid Masters,QF,Clay,4,Marin Cilic,Novak Djokovic,player2,top_10,0.1882660400000825,5.5,5.77,-0.04679376083188902,0.1716867469879518,0.016579293012130708,0.035463220000453766,False,1.0,-1.0
2019-05-06,2019-05-11,Madrid Masters,SF,Clay,4,Stefanos Tsitsipas,Rafael Nadal,player1,top_10,0.185825805596897,7.0,6.45,0.0852713178294573,0.13580246913580246,0.050023336461094525,0.3007806391782789,True,1.0,6.0
2019-05-06,2019-05-12,Madrid Masters,F,Clay,4,Stefanos Tsitsipas,Novak Djokovic,player1,top_10,0.531085073633211,3.0,2.85,0.05263157894736836,0.3181818181818181,0.21290325545139288,0.593255220899633,False,1.0,-1.0
2019-05-13,2019-05-14,Rome Masters,R32,Clay,4,Matteo Berrettini,Alexander Zverev,player1,top_10,0.47229537055908044,2.37,2.35,0.008510638297872353,0.39230769230769225,0.0799876782513882,0.11934002822502066,True,1.0,1.37
2019-05-13,2019-05-16,Rome Masters,R32,Clay,4,Taylor Fritz,Kei Nishikori,player1,top_10,0.47430292234847626,3.5,3.47,0.008645533141210304,0.2677824267782427,0.20652049557023355,0.660060228219667,False,1.0,-1.0
2019-05-13,2019-05-17,Rome Masters,QF,Clay,4,Stefanos Tsitsipas,Roger Federer,player1,top_10,0.7743954191177218,1.66,1.67,-0.005988023952095856,0.5699481865284974,0.20444723258922437,0.2854963957354182,True,1.0,0.6599999999999999
2019-05-13,2019-05-17,Rome Masters,QF,Clay,4,Kei Nishikori,Diego Schwartzman,player2,top_10,0.7099535942968718,1.53,1.58,-0.03164556962025322,0.6203473945409429,0.08960619975592887,0.08622899927421385,False,1.0,-1.0
2019-05-13,2019-05-18,Rome Masters,SF,Clay,4,Stefanos Tsitsipas,Rafael Nadal,player1,top_10,0.3506875674527021,4.0,4.2,-0.04761904761904767,0.23809523809523808,0.112592329357464,0.4027502698108083,False,1.0,-1.0
2019-05-20,2019-05-22,Geneva,R16,Clay,3,Damir Dzumhur,Stan Wawrinka,player1,other,0.29073969943326844,3.75,3.86,-0.02849740932642486,0.25,0.04073969943326844,0.09027387287475674,True,1.0,2.75
2019-05-20,2019-05-23,Geneva,QF,Clay,3,Hugo Dellien,Alexander Zverev,player1,top_10,0.2669611041507546,5.5,5.07,0.08481262327416172,0.1716867469879518,0.09527435716280278,0.46828607282915014,False,1.0,-1.0
2019-05-20,2019-05-24,Geneva,SF,Clay,3,Federico Delbonis,Alexander Zverev,player1,top_10,0.48781439816246375,3.0,2.87,0.04529616724738683,0.3181818181818181,0.16963257998064563,0.46344319448739124,False,1.0,-1.0
2019-05-20,2019-05-25,Geneva,F,Clay,3,Alexander Zverev,Nicolas Jarry,player1,top_10,0.8956761267007055,1.44,1.45,-0.006896551724137945,0.6563245823389022,0.23935154436180328,0.2897736224490159,True,1.0,0.43999999999999995
2019-05-27,2019-05-27,Roland Garros,R128,Clay,5,Hubert Hurkacz,Novak Djokovic,player2,top_10,0.21793342518876013,15.0,13.12,0.14329268292682928,0.06425452276980662,0.15367890241895352,2.269001377831402,False,1.0,-1.0
2019-05-27,2019-05-27,Roland Garros,R128,Clay,5,Tommy Paul,Dominic Thiem,player2,top_10,0.08728428380161402,19.0,16.85,0.12759643916913932,0.050949050949050945,0.03633523285256307,0.6584013922306663,False,1.0,-1.0
2019-05-27,2019-05-27,Roland Garros,R128,Clay,5,Mischa Zverev,Richard Gasquet,player2,other,0.1591943360738165,6.5,6.3,0.031746031746031855,0.14586070959264127,0.013333626481175226,0.034763184479807197,False,1.0,-1.0
2019-05-27,2019-05-27,Roland Garros,R128,Clay,5,Yannick Hanfmann,Rafael Nadal,player2,top_10,0.04205650820824314,29.0,24.63,0.17742590336987418,0.03349441759706715,0.008562090611175986,0.21963873803905098,False,1.0,-1.0
2019-05-27,2019-05-28,Roland Garros,R128,Clay,5,Juan Martin del Potro,Nicolas Jarry,player1,top_10,0.8088000349077358,1.3,1.27,0.023622047244094446,0.7291666666666667,0.07963336824106904,0.05144004538005653,True,1.0,0.30000000000000004
2019-05-27,2019-05-29,Roland Garros,R64,Clay,5,Jo-Wilfried Tsonga,Kei Nishikori,player1,top_10,0.3477648935702702,3.4,3.23,0.05263157894736836,0.28118393234672306,0.06658096122354712,0.1824006381389186,False,1.0,-1.0
2019-05-27,2019-05-29,Roland Garros,R64,Clay,5,Yannick Maden,Rafael Nadal,player1,top_10,0.061763355645007914,41.0,28.49,0.4391014391014392,0.023856006856816343,0.037907348788191575,1.5322975814453244,False,1.0,-1.0
2019-05-27,2019-05-30,Roland Garros,R64,Clay,5,Radu Albot,Jan Lennard Struff,player1,other,0.32790154626975226,3.2,3.05,0.049180327868852514,0.2982456140350877,0.02965593223466456,0.04928494806320738,False,1.0,-1.0
2019-05-27,2019-05-30,Roland Garros,R64,Clay,5,Mikael Ymer,Alexander Zverev,player1,top_10,0.23847717281205158,5.5,6.25,-0.12,0.1716867469879518,0.06679042582409978,0.31162445046628373,False,1.0,-1.0
2019-05-27,2019-05-30,Roland Garros,R64,Clay,5,Alexander Bublik,Dominic Thiem,player2,top_10,0.09038534880778526,19.0,18.07,0.051466519092418395,0.050949050949050945,0.039436297858734315,0.7173216273479199,False,1.0,-1.0
2019-05-27,2019-05-30,Roland Garros,R64,Clay,5,Yoshihito Nishioka,Juan Martin del Potro,player1,top_10,0.13442271817874335,8.0,8.44,-0.05213270142180093,0.11894273127753305,0.015479986901210302,0.0753817454299468,False,1.0,-1.0
2019-05-27,2019-05-31,Roland Garros,R32,Clay,5,Casper Ruud,Roger Federer,player1,top_10,0.1854402822156741,6.5,6.4,0.015625,0.14586070959264127,0.03957957262303283,0.2053618344018816,False,1.0,-1.0
2019-05-27,2019-05-31,Roland Garros,R32,Clay,5,Kei Nishikori,Laslo Djere,player1,top_10,0.8371696815200517,1.3,1.3,0.0,0.7291666666666667,0.10800301485338493,0.08832058597606718,True,1.0,0.30000000000000004
2019-05-27,2019-06-01,Roland Garros,R32,Clay,5,Stefanos Tsitsipas,Filip Krajinovic,player1,top_10,0.98,1.16,1.17,-0.008547008547008517,0.8116883116883117,0.1683116883116883,0.1367999999999999,True,1.0,0.15999999999999992
2019-05-27,2019-06-03,Roland Garros,R16,Clay,5,Alexander Zverev,Fabio Fognini,player1,top_10,0.5637744261047714,2.1,2.04,0.02941176470588247,0.450261780104712,0.11351264600005934,0.18392629482001988,True,1.0,1.1
2019-05-27,2019-06-03,Roland Garros,R16,Clay,5,Karen Khachanov,Juan Martin del Potro,player1,top_10,0.4124575985373279,2.75,2.79,-0.014336917562724039,0.3436754176610979,0.06878218087623,0.13425839597765166,True,1.0,1.75
2019-05-27,2019-06-04,Roland Garros,QF,Clay,5,Stan Wawrinka,Roger Federer,player2,top_10,0.3332465627705301,3.2,3.08,0.038961038961039085,0.2982456140350877,0.035000948735442405,0.06638900086569643,False,1.0,-1.0
2019-05-27,2019-06-06,Roland Garros,QF,Clay,5,Alexander Zverev,Novak Djokovic,player2,top_10,0.16366255328530233,7.0,6.6,0.06060606060606055,0.13580246913580246,0.027860084149499864,0.14563787299711628,False,1.0,-1.0
2019-05-27,2019-06-09,Roland Garros,F,Clay,5,Rafael Nadal,Dominic Thiem,player1,top_10,0.9021003339200526,1.2,1.21,-0.008264462809917328,0.7983193277310925,0.10378100618896013,0.08252040070406311,True,1.0,0.19999999999999996
2019-06-10,2019-06-13,s Hertogenbosch,R16,Grass,3,Nicolas Jarry,Stefanos Tsitsipas,player1,top_10,0.3527227084476713,4.5,4.53,-0.0066225165562914245,0.2077464788732394,0.14497622957443188,0.5872521880145208,True,1.0,3.5
2019-06-17,2019-06-17,Queen's Club,R32,Grass,3,Kevin Anderson,Cameron Norrie,player1,top_10,0.886630576522186,1.33,1.36,-0.022058823529411797,0.7096069868995633,0.17702358962262277,0.17921866677450748,True,1.0,0.33000000000000007
2019-06-17,2019-06-17,Halle,R32,Grass,3,Robin Haase,Alexander Zverev,player1,top_10,0.4613470850446356,5.0,5.2,-0.03846153846153855,0.1883116883116883,0.2730353967329473,1.3067354252231782,False,1.0,-1.0
2019-06-17,2019-06-19,Halle,R16,Grass,3,Karen Khachanov,Jan Lennard Struff,player2,top_10,0.5590607571743953,1.9,1.94,-0.020618556701030966,0.4864864864864864,0.07257427068790889,0.06221543863135104,True,1.0,0.8999999999999999
2019-06-17,2019-06-20,Queen's Club,R32,Grass,3,Kyle Edmund,Stefanos Tsitsipas,player1,top_10,0.48544028373465087,3.0,3.14,-0.04458598726114649,0.3119266055045871,0.17351367823006375,0.4563208512039526,False,1.0,-1.0
2019-06-17,2019-06-20,Queen's Club,R16,Grass,3,Kevin Anderson,Gilles Simon,player2,top_10,0.8787093965109265,1.33,1.34,-0.007462686567164201,0.7096069868995633,0.16910240961136325,0.1686834973595323,False,1.0,-1.0
2019-06-17,2019-06-20,Queen's Club,R16,Grass,3,Jeremy Chardy,Stefanos Tsitsipas,player2,top_10,0.40022594017286395,3.5,3.65,-0.041095890410958846,0.2677824267782427,0.13244351339462124,0.40079079060502376,False,1.0,-1.0
2019-06-17,2019-06-20,Halle,R16,Grass,3,Steve Johnson,Alexander Zverev,player1,top_10,0.42408554257113784,2.5,2.62,-0.04580152671755733,0.375,0.04908554257113784,0.0602138564278446,False,1.0,-1.0
2019-06-17,2019-06-20,Halle,R16,Grass,3,Jo-Wilfried Tsonga,Roger Federer,player1,top_10,0.21267617042825263,5.0,4.97,0.006036217303823088,0.1883116883116883,0.024364482116564334,0.0633808521412631,False,1.0,-1.0
2019-06-17,2019-06-22,Halle,SF,Grass,3,Pierre Hugues Herbert,Roger Federer,player2,top_10,0.14666977534725933,8.0,8.24,-0.029126213592232997,0.11894273127753305,0.027727044069726287,0.17335820277807457,False,1.0,-1.0
2019-06-24,2019-06-28,Eastbourne,SF,Grass,3,Taylor Fritz,Kyle Edmund,player1,other,0.393618331846834,2.62,2.56,0.0234375,0.3640776699029127,0.029540661943921298,0.031280029438705115,True,1.0,1.62
2019-07-01,2019-07-01,Wimbledon,R128,Grass,5,Vasek Pospisil,Felix Auger Aliassime,player2,other,0.10318413088309863,10.0,10.14,-0.013806706114398493,0.09584086799276674,0.007343262890331895,0.03184130883098635,False,1.0,-1.0
2019-07-01,2019-07-01,Wimbledon,R128,Grass,5,Thomas Fabbiano,Stefanos Tsitsipas,player1,top_10,0.17742830839340315,6.5,6.98,-0.06876790830945567,0.14586070959264127,0.031567598800761876,0.15328400455712055,True,1.0,5.5
2019-07-01,2019-07-01,Wimbledon,R128,Grass,5,Jozef Kovalik,Robin Haase,player1,other,0.24926905151627005,4.33,3.99,0.08521303258145352,0.2198198198198198,0.02944923169645025,0.07933499306544933,False,1.0,-1.0
2019-07-01,2019-07-01,Wimbledon,R128,Grass,5,Peter Gojowczyk,Roberto Bautista Agut,player1,other,0.09900681272460936,11.0,9.92,0.1088709677419355,0.08713692946058092,0.011869883264028436,0.08907493997070293,False,1.0,-1.0
2019-07-01,2019-07-01,Wimbledon,R128,Grass,5,Jiri Vesely,Alexander Zverev,player1,top_10,0.46943358049642914,4.33,4.37,-0.009153318077803174,0.2198198198198198,0.24961376067660934,1.032647403549538,True,1.0,3.33
2019-07-01,2019-07-02,Wimbledon,R128,Grass,5,Sam Querrey,Dominic Thiem,player2,top_10,0.7709810620467528,2.3,2.23,0.03139013452914785,0.411764705882353,0.3592163561643998,0.7732564427075312,True,1.0,1.2999999999999998
2019-07-01,2019-07-02,Wimbledon,R128,Grass,5,Frances Tiafoe,Fabio Fognini,player2,top_10,0.5440941411235496,2.1,2.07,0.01449275362318847,0.450261780104712,0.09383236101883757,0.14259769635945418,False,1.0,-1.0
2019-07-01,2019-07-02,Wimbledon,R128,Grass,5,Federico Delbonis,Daniel Evans,player2,other,0.12923562467479988,8.0,8.98,-0.10913140311804015,0.11894273127753305,0.010292893397266828,0.03388499739839901,False,1.0,-1.0
2019-07-01,2019-07-02,Wimbledon,R128,Grass,5,James Ward,Nikoloz Basilashvili,player1,other,0.44698213581841917,2.37,2.34,0.012820512820512997,0.398477157360406,0.04850497845801316,0.05934766188965346,False,1.0,-1.0
2019-07-01,2019-07-02,Wimbledon,R128,Grass,5,Yuichi Sugita,Rafael Nadal,player2,top_10,0.0620448161953846,17.0,13.52,0.2573964497041421,0.05660377358490567,0.005441042610478931,0.0547618753215382,False,1.0,-1.0
2019-07-01,2019-07-02,Wimbledon,R128,Grass,5,Thiago Monteiro,Kei Nishikori,player2,top_10,0.22039254990616164,11.0,10.21,0.07737512242899114,0.08713692946058092,0.1332556204455807,1.424318048967778,False,1.0,-1.0
2019-07-01,2019-07-02,Wimbledon,R128,Grass,5,Lloyd Harris,Roger Federer,player1,top_10,0.07259281070273944,23.0,20.67,0.11272375423318803,0.04206580591420241,0.03052700478853703,0.6696346461630073,False,1.0,-1.0
2019-07-01,2019-07-03,Wimbledon,R64,Grass,5,Denis Kudla,Novak Djokovic,player2,top_10,0.07436282747946066,26.0,22.28,0.16696588868940743,0.03739355794150315,0.03696926953795751,0.9334335144659772,False,1.0,-1.0
2019-07-01,2019-07-03,Wimbledon,R64,Grass,5,Steve Darcis,Roberto Bautista Agut,player2,other,0.09448019235091276,11.0,10.98,0.0018214936247722413,0.08713692946058092,0.007343262890331839,0.03928211586004038,False,1.0,-1.0
2019-07-01,2019-07-04,Wimbledon,R64,Grass,5,Marton Fucsovics,Fabio Fognini,player2,top_10,0.47909885577314126,2.2,2.13,0.032863849765258246,0.43005181347150256,0.0490470423016387,0.05401748270091089,False,1.0,-1.0
2019-07-01,2019-07-04,Wimbledon,R64,Grass,5,Nick Kyrgios,Rafael Nadal,player2,top_10,0.27095286144793107,4.0,3.98,0.005025125628140614,0.23809523809523808,0.03285762335269299,0.08381144579172428,False,1.0,-1.0
2019-07-01,2019-07-05,Wimbledon,R32,Grass,5,Kevin Anderson,Guido Pella,player2,top_10,0.9294198363041669,1.12,1.13,-0.008849557522123686,0.8426966292134831,0.08672320709068382,0.040950216660667046,False,1.0,-1.0
2019-07-01,2019-07-06,Wimbledon,R32,Grass,5,Tennys Sandgren,Fabio Fognini,player1,top_10,0.4142944832841684,3.5,3.51,-0.002849002849002802,0.27083333333333337,0.14346114995083503,0.4500306914945893,True,1.0,2.5
2019-07-01,2019-07-06,Wimbledon,R32,Grass,5,Jo-Wilfried Tsonga,Rafael Nadal,player2,top_10,0.2502227743616323,5.0,5.12,-0.0234375,0.1883116883116883,0.061911086049944025,0.2511138718081616,False,1.0,-1.0
2019-07-01,2019-07-06,Wimbledon,R32,Grass,5,Steve Johnson,Kei Nishikori,player1,top_10,0.31166984574348416,4.5,4.41,0.020408163265306145,0.21052631578947367,0.10114352995401049,0.4025143058456786,False,1.0,-1.0
2019-07-01,2019-07-08,Wimbledon,R16,Grass,5,Mikhail Kukushkin,Kei Nishikori,player1,top_10,0.2189135994528471,6.0,6.91,-0.13169319826338644,0.15730337078651685,0.06161022866633026,0.31348159671708253,False,1.0,-1.0
2019-07-01,2019-07-14,Wimbledon,F,Grass,5,Novak Djokovic,Roger Federer,player2,top_10,0.6648962260715029,1.55,1.54,0.006493506493506551,0.6265060240963857,0.03839020197511722,0.03058915041082949,True,1.0,0.55
2019-07-15,2019-07-17,Umag,R16,Clay,3,Paolo Lorenzi,Laslo Djere,player1,other,0.3237247552661222,3.75,4.07,-0.07862407862407872,0.25,0.07372475526612221,0.21396783224795834,False,1.0,-1.0
2019-07-22,2019-07-24,Hamburg,R16,Clay,3,Marton Fucsovics,Dominic Thiem,player2,top_10,0.2546236662779172,5.0,5.16,-0.03100775193798455,0.1883116883116883,0.06631197796622892,0.2731183313895861,False,1.0,-1.0
2019-07-22,2019-07-25,Hamburg,R16,Clay,3,Alexander Zverev,Federico Delbonis,player1,top_10,0.8135030060199194,1.28,1.3,-0.015384615384615441,0.7322175732217574,0.08128543279816203,0.041283847705496896,True,1.0,0.28
2019-07-22,2019-07-26,Gstaad,QF,Clay,3,Joao Sousa,Roberto Bautista Agut,player1,other,0.2782598792344576,3.75,3.83,-0.02088772845953002,0.25447316103379725,0.02378671820066036,0.04347454712921606,True,1.0,2.75
2019-07-22,2019-07-26,Hamburg,QF,Clay,3,Alexander Zverev,Filip Krajinovic,player1,top_10,0.8475915962285117,1.36,1.38,-0.014492753623188248,0.7017543859649122,0.14583721026359941,0.15272457087077596,True,1.0,0.3600000000000001
2019-07-22,2019-07-26,Hamburg,QF,Clay,3,Andrey Rublev,Dominic Thiem,player2,top_10,0.18268357459756146,6.0,6.29,-0.04610492845786962,0.15730337078651685,0.02538020381104461,0.09610144758536876,True,1.0,5.0
2019-07-22,2019-07-26,Atlanta,QF,Hard,3,Bernard Tomic,Alex De Minaur,player1,other,0.3243411407285286,3.2,3.14,0.019108280254777066,0.2982456140350877,0.026095526693440896,0.037891650331291604,False,1.0,-1.0
2019-07-22,2019-07-27,Hamburg,SF,Clay,3,Alexander Zverev,Nikoloz Basilashvili,player1,top_10,0.7779972259647491,1.44,1.41,0.02127659574468077,0.6563245823389022,0.12167264362584684,0.12031600538923864,False,1.0,-1.0
2019-07-29,2019-07-31,Kitzbuhel,R16,Clay,3,Dominic Thiem,Sebastian Ofner,player2,top_10,0.98,1.07,1.06,0.009433962264151052,0.893743793445879,0.08625620655412103,0.048600000000000046,True,1.0,0.07000000000000006
2019-07-29,2019-08-01,Los Cabos,R16,Hard,3,Marcel Granollers,Fabio Fognini,player1,top_10,0.5216134173178166,2.0,1.98,0.010101010101010166,0.4623655913978494,0.059247825919967245,0.04322683463563326,False,1.0,-1.0
2019-07-29,2019-08-02,Los Cabos,QF,Hard,3,Taylor Fritz,Fabio Fognini,player1,top_10,0.6556023494329484,1.66,1.62,0.024691358024691246,0.5699481865284974,0.08565416290445094,0.08829990005869426,True,1.0,0.6599999999999999
2019-07-29,2019-08-02,Washington,R16,Hard,3,Stefanos Tsitsipas,Jordan Thompson,player1,top_10,0.7948675115448177,1.33,1.31,0.01526717557251911,0.7188160676532769,0.07605144389154084,0.05717379035460762,True,1.0,0.33000000000000007
2019-07-29,2019-08-02,Washington,QF,Hard,3,Daniil Medvedev,Marin Cilic,player1,top_10,0.6968784513626443,1.61,1.57,0.02547770700636942,0.588235294117647,0.10864315724499729,0.12197430669385734,True,1.0,0.6100000000000001
2019-07-29,2019-08-03,Washington,QF,Hard,3,Benoit Paire,Stefanos Tsitsipas,player1,top_10,0.3480296133347563,3.5,3.49,0.002865329512893977,0.27083333333333337,0.07719628000142292,0.21810364667164694,False,1.0,-1.0
2019-07-29,2019-08-04,Washington,SF,Hard,3,Daniil Medvedev,Peter Gojowczyk,player1,top_10,0.9698990730990662,1.16,1.16,0.0,0.8116883116883117,0.15821076141075452,0.12508292479491673,True,1.0,0.15999999999999992
2019-07-29,2019-08-04,Washington,F,Hard,3,Nick Kyrgios,Daniil Medvedev,player1,top_10,0.5281915228046143,2.1,2.13,-0.014084507042253391,0.450261780104712,0.07792974269990233,0.10920219788969021,True,1.0,1.1
2019-08-05,2019-08-07,Canada Masters,R32,Hard,4,Denis Shapovalov,Dominic Thiem,player2,top_10,0.5830885906891574,2.2,2.13,0.032863849765258246,0.4225721784776903,0.16051641221146712,0.28279489951614645,False,1.0,-1.0
2019-08-05,2019-08-07,Canada Masters,R32,Hard,4,Kei Nishikori,Richard Gasquet,player2,top_10,0.8079803580047191,1.4,1.38,0.01449275362318847,0.6626506024096386,0.14532975559508055,0.13117250120660673,False,1.0,-1.0
2019-08-05,2019-08-07,Canada Masters,R32,Hard,4,Stefanos Tsitsipas,Hubert Hurkacz,player2,top_10,0.7759954433019679,1.4,1.43,-0.020979020979021046,0.6626506024096386,0.11334484089232932,0.08639362062275502,False,1.0,-1.0
2019-08-05,2019-08-07,Canada Masters,R32,Hard,4,Rafael Nadal,Daniel Evans,player2,top_10,0.9654358810376743,1.08,1.08,0.0,0.8810572687224669,0.08437861231520738,0.04267075152068832,True,1.0,0.08000000000000007
2019-08-05,2019-08-08,Canada Masters,R16,Hard,4,Marin Cilic,Dominic Thiem,player2,top_10,0.7007659392361765,1.9,1.93,-0.015544041450777257,0.5,0.20076593923617647,0.3314552845487352,False,1.0,-1.0
2019-08-05,2019-08-08,Canada Masters,R16,Hard,4,Alexander Zverev,Nikoloz Basilashvili,player1,top_10,0.7790759795024108,1.44,1.44,0.0,0.6563245823389022,0.12275139716350858,0.1218694104834715,True,1.0,0.43999999999999995
2019-08-05,2019-08-08,Canada Masters,R16,Hard,4,Karen Khachanov,Felix Auger Aliassime,player1,top_10,0.6788699840399632,1.72,1.69,0.01775147928994092,0.549738219895288,0.1291317641446752,0.16765637254873678,True,1.0,0.72
2019-08-05,2019-08-09,Canada Masters,QF,Hard,4,Daniil Medvedev,Dominic Thiem,player1,top_10,0.6764023904964647,1.61,1.67,-0.0359281437125748,0.588235294117647,0.0881670963788177,0.08900784869930817,True,1.0,0.6100000000000001
2019-08-05,2019-08-09,Canada Masters,QF,Hard,4,Alexander Zverev,Karen Khachanov,player1,top_10,0.7514756410419708,1.8,1.77,0.016949152542372836,0.5263157894736842,0.22515985156828666,0.3526561538755476,False,1.0,-1.0
2019-08-05,2019-08-09,Canada Masters,QF,Hard,4,Fabio Fognini,Rafael Nadal,player2,top_10,0.21864234371414026,6.0,6.22,-0.03536977491961413,0.15730337078651685,0.061338972927623414,0.3118540622848416,False,1.0,-1.0
2019-08-05,2019-08-10,Canada Masters,SF,Hard,4,Karen Khachanov,Daniil Medvedev,player1,top_10,0.4330395115553818,2.62,2.62,0.0,0.3640776699029127,0.0689618416524691,0.13456352027510032,False,1.0,-1.0
2019-08-05,2019-08-11,Canada Masters,F,Hard,4,Daniil Medvedev,Rafael Nadal,player2,top_10,0.38246783689442343,3.0,2.99,0.0033444816053511683,0.3181818181818181,0.06428601871260531,0.1474035106832703,False,1.0,-1.0
2019-08-12,2019-08-14,Cincinnati Masters,R32,Hard,4,Yoshihito Nishioka,Kei Nishikori,player1,top_10,0.32128440832825544,3.4,3.34,0.017964071856287456,0.2765957446808511,0.04468866364740437,0.09236698831606849,True,1.0,2.4
2019-08-12,2019-08-14,Cincinnati Masters,R32,Hard,4,Benoit Paire,Daniil Medvedev,player1,top_10,0.39504758177368426,3.4,3.6,-0.05555555555555558,0.2765957446808511,0.11845183709283319,0.3431617780305265,False,1.0,-1.0
2019-08-12,2019-08-15,Cincinnati Masters,R16,Hard,4,Daniil Medvedev,Jan Lennard Struff,player1,top_10,0.749539170376996,1.4,1.38,0.01449275362318847,0.6818181818181818,0.06772098855881425,0.049354838527794376,True,1.0,0.3999999999999999
2019-08-12,2019-08-17,Cincinnati Masters,SF,Hard,4,Daniil Medvedev,Novak Djokovic,player1,top_10,0.40027175908505697,3.4,3.39,0.002949852507374562,0.28118393234672306,0.1190878267383339,0.36092398088919364,True,1.0,2.4
2019-08-19,2019-08-20,Winston-Salem,R32,Hard,3,Marco Cecchinato,John Millman,player1,other,0.35829088693980726,3.0,2.92,0.027397260273972712,0.3119266055045871,0.046364281435220145,0.07487266081942179,False,1.0,-1.0
2019-08-19,2019-08-22,Winston-Salem,R16,Hard,3,Frances Tiafoe,Filip Krajinovic,player1,other,0.5790729815968112,1.8,1.78,0.011235955056179803,0.5263157894736842,0.05275719212312702,0.0423313668742602,True,1.0,0.8
2019-08-26,2019-08-26,US Open,R128,Hard,5,Prajnesh Gunneswaran,Daniil Medvedev,player2,top_10,0.20520361855695035,19.0,20.19,-0.05894006934125806,0.050949050949050945,0.1542545676078994,2.8988687525820565,False,1.0,-1.0
2019-08-26,2019-08-26,US Open,R128,Hard,5,Thiago Monteiro,Bradley Klahn,player1,other,0.45714546018124,2.37,2.32,0.02155172413793105,0.398477157360406,0.05866830282083402,0.08343474062953893,False,1.0,-1.0
2019-08-26,2019-08-27,US Open,R128,Hard,5,Andrey Rublev,Stefanos Tsitsipas,player1,top_10,0.5107095382851607,2.5,2.59,-0.03474903474903468,0.3796526054590571,0.13105693282610364,0.27677384571290187,True,1.0,1.5
2019-08-26,2019-08-27,US Open,R128,Hard,5,Mikhail Kukushkin,Roberto Bautista Agut,player1,top_10,0.15954204818994888,8.0,7.88,0.015228426395939021,0.11894273127753305,0.040599316912415834,0.27633638551959094,True,1.0,7.0
2019-08-26,2019-08-27,US Open,R128,Hard,5,Pablo Andujar,Kyle Edmund,player1,other,0.23676202355426834,4.5,4.64,-0.030172413793103425,0.21052631578947367,0.02623570776479467,0.06542910599420748,True,1.0,3.5
2019-08-26,2019-08-27,US Open,R128,Hard,5,Alexander Zverev,Radu Albot,player2,top_10,0.8510789394140426,1.44,1.44,0.0,0.6563245823389022,0.19475435707514033,0.22555367275622124,True,1.0,0.43999999999999995
2019-08-26,2019-08-27,US Open,R128,Hard,5,Vasek Pospisil,Karen Khachanov,player1,top_10,0.3662217692469584,6.0,7.19,-0.16550764951321284,0.15730337078651685,0.20891839846044152,1.1973306154817505,True,1.0,5.0
2019-08-26,2019-08-29,US Open,R64,Hard,5,Hugo Dellien,Daniil Medvedev,player1,top_10,0.1808996469713124,19.0,14.3,0.32867132867132853,0.050949050949050945,0.12995059602226144,2.4370932924549358,False,1.0,-1.0
2019-08-26,2019-08-29,US Open,R64,Hard,5,Alexander Zverev,Frances Tiafoe,player2,top_10,0.7226912975467443,1.5,1.52,-0.013157894736842146,0.6359223300970874,0.0867689674496569,0.08403694632011649,True,1.0,0.5
2019-08-26,2019-08-31,US Open,R32,Hard,5,Feliciano Lopez,Daniil Medvedev,player1,top_10,0.4394899383019277,3.5,3.59,-0.02506963788300831,0.27083333333333337,0.1686566049685943,0.5382147840567468,False,1.0,-1.0
2019-08-26,2019-08-31,US Open,R32,Hard,5,Aljaz Bedene,Alexander Zverev,player1,top_10,0.4421852333909208,3.75,3.87,-0.03100775193798455,0.25447316103379725,0.18771207235712356,0.6581946252159532,False,1.0,-1.0
2019-08-26,2019-09-01,US Open,R16,Hard,5,Roger Federer,David Goffin,player1,top_10,0.9794461164210454,1.16,1.16,0.0,0.8116883116883117,0.16775780473273372,0.1361574950484126,True,1.0,0.15999999999999992
2019-08-26,2019-09-02,US Open,R16,Hard,5,Diego Schwartzman,Alexander Zverev,player2,top_10,0.5397860795786423,2.0,1.99,0.005025125628140614,0.47368421052631576,0.06610186905232657,0.07957215915728466,True,1.0,1.0
2019-08-26,2019-09-03,US Open,R16,Hard,5,Marin Cilic,Rafael Nadal,player1,top_10,0.1391088051990061,9.0,8.79,0.023890784982935287,0.10625620655412116,0.032852598644884934,0.2519792467910549,False,1.0,-1.0
2019-08-26,2019-09-03,US Open,QF,Hard,5,Stan Wawrinka,Daniil Medvedev,player1,top_10,0.7064422339651805,1.72,1.81,-0.04972375690607744,0.549738219895288,0.15670401406989243,0.21508064242011038,False,1.0,-1.0
2019-08-26,2019-09-04,US Open,QF,Hard,5,Grigor Dimitrov,Roger Federer,player2,top_10,0.12610254658545805,9.0,9.44,-0.04661016949152541,0.10625620655412116,0.019846340031336895,0.13492291926912248,True,1.0,8.0
2019-08-26,2019-09-07,US Open,SF,Hard,5,Rafael Nadal,Matteo Berrettini,player2,top_10,0.9752213670419708,1.06,1.06,0.0,0.9041591320072333,0.07106223503473752,0.03373464906448912,True,1.0,0.06000000000000005
2019-09-16,2019-09-19,St. Petersburg,R16,Hard,3,Joao Sousa,Karen Khachanov,player1,top_10,0.515798105682987,3.0,3.03,-0.009900990099009799,0.3119266055045871,0.2038715001783999,0.547394317048961,True,1.0,2.0
2019-09-16,2019-09-20,St. Petersburg,QF,Hard,3,Andrey Rublev,Daniil Medvedev,player2,top_10,0.2664070783848552,4.0,4.01,-0.0024937655860348684,0.23809523809523808,0.02831184028961714,0.06562831353942089,False,1.0,-1.0
2019-09-16,2019-09-21,St. Petersburg,SF,Hard,3,Egor Gerasimov,Daniil Medvedev,player2,top_10,0.22165116189756706,5.5,5.61,-0.019607843137254943,0.1716867469879518,0.04996441490961526,0.21908139043661878,False,1.0,-1.0
2019-09-16,2019-09-22,St. Petersburg,F,Hard,3,Borna Coric,Daniil Medvedev,player1,top_10,0.38509950047211483,4.33,4.54,-0.04625550660792954,0.2198198198198198,0.16527968065229504,0.6674808370442572,False,1.0,-1.0
2019-09-23,2019-09-26,Zhuhai,R16,Hard,3,Andy Murray,Alex De Minaur,player2,other,0.34829282103832293,3.0,3.03,-0.009900990099009799,0.3119266055045871,0.03636621553373581,0.04487846311496879,False,1.0,-1.0
2019-09-23,2019-09-26,Zhuhai,R16,Hard,3,Adrian Mannarino,Stefanos Tsitsipas,player1,top_10,0.3778530832176817,3.5,3.42,0.023391812865497075,0.2677824267782427,0.11007065643943897,0.3224857912618858,True,1.0,2.5
2019-09-30,2019-09-30,Beijing,R32,Hard,3,Frances Tiafoe,Alexander Zverev,player2,top_10,0.529455577583688,2.75,2.9,-0.051724137931034475,0.3373493975903614,0.19210617999332658,0.456002838355142,False,1.0,-1.0
2019-09-30,2019-09-30,Beijing,R32,Hard,3,Pablo Cuevas,Karen Khachanov,player1,top_10,0.43753381332906194,2.5,2.55,-0.019607843137254832,0.375,0.06253381332906194,0.09383453332265479,False,1.0,-1.0
2019-09-30,2019-10-01,Beijing,R32,Hard,3,Sam Querrey,Roberto Bautista Agut,player1,top_10,0.3744772811143826,3.4,3.58,-0.05027932960893855,0.2765957446808511,0.09788153643353154,0.2732227557889009,True,1.0,2.4
2019-09-30,2019-10-01,Beijing,R32,Hard,3,Stefanos Tsitsipas,Dusan Lajovic,player1,top_10,0.8135762158587396,1.28,1.27,0.007874015748031482,0.7322175732217574,0.08135864263698223,0.04137755629918674,True,1.0,0.28
2019-09-30,2019-10-02,Tokyo,R16,Hard,3,Go Soeda,Novak Djokovic,player2,top_10,0.087970602200236,13.0,13.19,-0.014404852160727732,0.07407407407407408,0.01389652812616192,0.14361782860306804,False,1.0,-1.0
2019-09-30,2019-10-03,Beijing,R16,Hard,3,Alexander Zverev,Felix Auger Aliassime,player1,top_10,0.8949855789123667,1.36,1.4,-0.02857142857142847,0.6880733944954128,0.20691218441695391,0.21718038732081885,True,1.0,0.3600000000000001
2019-09-30,2019-10-03,Beijing,R16,Hard,3,Stefanos Tsitsipas,Nikoloz Basilashvili,player1,top_10,0.7553940224270065,1.53,1.5,0.020000000000000018,0.6076923076923076,0.14770171473469884,0.15575285431331992,True,1.0,0.53
2019-09-30,2019-10-04,Beijing,QF,Hard,3,Alexander Zverev,Sam Querrey,player1,top_10,0.7877574197306859,1.33,1.31,0.01526717557251911,0.7188160676532769,0.06894135207740903,0.04771736824181233,True,1.0,0.33000000000000007
2019-09-30,2019-10-04,Beijing,QF,Hard,3,Stefanos Tsitsipas,John Isner,player1,top_10,0.5735768233059104,1.8,1.78,0.011235955056179803,0.5263157894736842,0.04726103383222624,0.0324382819506388,True,1.0,0.8
2019-09-30,2019-10-04,Beijing,QF,Hard,3,Karen Khachanov,Fabio Fognini,player1,top_10,0.7383991029540156,1.61,1.57,0.02547770700636942,0.588235294117647,0.1501638088363686,0.18882255575596513,True,1.0,0.6100000000000001
2019-09-30,2019-10-05,Beijing,SF,Hard,3,Alexander Zverev,Stefanos Tsitsipas,player1,top_10,0.7767815309863053,1.66,1.7,-0.02352941176470591,0.5699481865284974,0.20683334445780788,0.28945734143726676,False,1.0,-1.0
2019-09-30,2019-10-06,Tokyo,F,Hard,3,John Millman,Novak Djokovic,player2,top_10,0.10107316070368355,11.0,11.69,-0.05902480752780148,0.08713692946058092,0.013936231243102629,0.11180476774051906,False,1.0,-1.0
2019-09-30,2019-10-06,Beijing,F,Hard,3,Stefanos Tsitsipas,Dominic Thiem,player1,top_10,0.6773483973929093,1.9,1.95,-0.02564102564102566,0.5,0.1773483973929093,0.28696195504652766,False,1.0,-1.0
2019-10-07,2019-10-08,Shanghai Masters,R32,Hard,4,Cameron Norrie,Daniil Medvedev,player1,top_10,0.1821598136870657,6.0,6.18,-0.029126213592232997,0.15730337078651685,0.024856442900548864,0.09295888212239423,False,1.0,-1.0
2019-10-07,2019-10-09,Shanghai Masters,R32,Hard,4,Jeremy Chardy,Alexander Zverev,player1,top_10,0.32986399652375337,3.5,3.87,-0.09560723514211888,0.2677824267782427,0.062081569745510656,0.1545239878331367,False,1.0,-1.0
2019-10-07,2019-10-09,Shanghai Masters,R32,Hard,4,Dominic Thiem,Pablo Carreno Busta,player2,top_10,0.7610314419696355,1.4,1.43,-0.020979020979021046,0.6626506024096386,0.09838083955999688,0.06544401875748956,True,1.0,0.3999999999999999
2019-10-07,2019-10-09,Shanghai Masters,R32,Hard,4,Taylor Fritz,Karen Khachanov,player1,top_10,0.457376368581263,2.75,2.65,0.037735849056603765,0.3373493975903614,0.1200269709909016,0.2577850135984734,False,1.0,-1.0
2019-10-07,2019-10-09,Shanghai Masters,R32,Hard,4,Stefanos Tsitsipas,Felix Auger Aliassime,player1,top_10,0.8133323375451672,1.4,1.41,-0.007092198581560294,0.6626506024096386,0.15068173513552863,0.13866527256323402,True,1.0,0.3999999999999999
2019-10-07,2019-10-09,Shanghai Masters,R32,Hard,4,Novak Djokovic,Denis Shapovalov,player1,top_10,0.9786265533463339,1.1,1.08,0.0185185185185186,0.8641975308641975,0.11442902248213638,0.07648920868096733,True,1.0,0.10000000000000009
2019-10-07,2019-10-10,Shanghai Masters,R16,Hard,4,Andrey Rublev,Alexander Zverev,player1,top_10,0.5831544576080369,2.37,2.41,-0.016597510373444035,0.398477157360406,0.18467730024763085,0.38207606453104737,False,1.0,-1.0
2019-10-07,2019-10-10,Shanghai Masters,R16,Hard,4,Matteo Berrettini,Roberto Bautista Agut,player1,top_10,0.6854820248904543,1.72,1.71,0.005847953216374213,0.549738219895288,0.13574380499516625,0.17902908281158136,True,1.0,0.72
2019-10-07,2019-10-10,Shanghai Masters,R16,Hard,4,Karen Khachanov,Fabio Fognini,player2,top_10,0.7312917798796992,1.44,1.43,0.006993006993007089,0.6563245823389022,0.07496719754079695,0.05306016302676675,False,1.0,-1.0
2019-10-07,2019-10-10,Shanghai Masters,R16,Hard,4,Vasek Pospisil,Daniil Medvedev,player1,top_10,0.23953241246827942,8.0,7.91,0.011378002528444897,0.11894273127753305,0.12058968119074637,0.9162592997462353,False,1.0,-1.0
2019-10-07,2019-10-10,Shanghai Masters,R16,Hard,4,Stefanos Tsitsipas,Hubert Hurkacz,player2,top_10,0.7398602857852181,1.4,1.38,0.01449275362318847,0.6818181818181818,0.05804210396703635,0.0358044000993053,True,1.0,0.3999999999999999
2019-10-07,2019-10-11,Shanghai Masters,QF,Hard,4,Fabio Fognini,Daniil Medvedev,player1,top_10,0.287654323210395,4.33,4.42,-0.020361990950226172,0.2198198198198198,0.06783450339057523,0.24554321950101043,False,1.0,-1.0
2019-10-07,2019-10-11,Shanghai Masters,QF,Hard,4,Novak Djokovic,Stefanos Tsitsipas,player1,top_10,0.9154677660983942,1.14,1.11,0.02702702702702675,0.8283132530120482,0.08715451308634603,0.043633253352169304,False,1.0,-1.0
2019-10-07,2019-10-13,Shanghai Masters,F,Hard,4,Daniil Medvedev,Alexander Zverev,player1,top_10,0.7950203859583409,1.53,1.54,-0.006493506493506551,0.6203473945409429,0.174672991417398,0.2163811905162616,True,1.0,0.53
2019-10-14,2019-10-18,Moscow,QF,Hard,3,Andreas Seppi,Karen Khachanov,player2,top_10,0.2847693657806182,3.75,3.6,0.04166666666666674,0.25447316103379725,0.03029620474682093,0.0678851216773182,True,1.0,2.75
2019-10-21,2019-10-21,Basel,R32,Hard,3,Hugo Dellien,Alex De Minaur,player1,other,0.13675161186197868,8.0,8.31,-0.03730445246690739,0.11894273127753305,0.01780888058444563,0.09401289489582942,False,1.0,-1.0
2019-10-21,2019-10-21,Vienna,R32,Hard,3,Hubert Hurkacz,Karen Khachanov,player1,top_10,0.502362788785251,2.2,2.4,-0.08333333333333326,0.4225721784776903,0.07979061030756068,0.10519813532755229,False,1.0,-1.0
2019-10-21,2019-10-22,Basel,R32,Hard,3,Taylor Fritz,Alexander Zverev,player1,top_10,0.4691336492054341,4.0,4.03,-0.007444168734491385,0.23371647509578544,0.23541717410964866,0.8765345968217364,True,1.0,3.0
2019-10-21,2019-10-22,Basel,R32,Hard,3,Marius Copil,Roberto Bautista Agut,player1,top_10,0.4114842811771885,3.25,3.61,-0.09972299168975063,0.2903930131004367,0.1210912680767518,0.3373239138258626,False,1.0,-1.0
2019-10-21,2019-10-23,Vienna,R32,Hard,3,Adrian Mannarino,Sam Querrey,player1,other,0.47691281324083684,2.2,2.23,-0.013452914798206206,0.4225721784776903,0.054340634763146545,0.04920818912984115,False,1.0,-1.0
2019-10-21,2019-10-23,Vienna,R16,Hard,3,Marton Fucsovics,Karen Khachanov,player1,top_10,0.4015132413521338,3.0,2.96,0.013513513513513598,0.3119266055045871,0.08958663584754667,0.20453972405640142,False,1.0,-1.0
2019-10-21,2019-10-24,Basel,R16,Hard,3,Richard Gasquet,Roberto Bautista Agut,player1,top_10,0.3333210396251347,3.25,3.04,0.06907894736842102,0.2903930131004367,0.042928026524698015,0.08329337878168785,False,1.0,-1.0
2019-10-21,2019-10-24,Basel,R16,Hard,3,Ricardas Berankis,Stefanos Tsitsipas,player1,top_10,0.2677070341462574,4.33,5.04,-0.14087301587301582,0.21699819168173598,0.050708842464521425,0.15917145785329456,False,1.0,-1.0
2019-10-21,2019-10-24,Basel,R16,Hard,3,Frances Tiafoe,Stan Wawrinka,player2,other,0.3264923399297105,3.25,3.52,-0.07670454545454541,0.2903930131004367,0.0360993268292738,0.06110010477155914,False,1.0,-1.0
2019-10-21,2019-10-24,Vienna,R16,Hard,3,Fernando Verdasco,Dominic Thiem,player2,top_10,0.34018649664900824,4.0,3.97,0.007556675062972307,0.23371647509578544,0.1064700215532228,0.36074598659603296,False,1.0,-1.0
2019-10-21,2019-10-25,Basel,QF,Hard,3,Roberto Bautista Agut,Reilly Opelka,player1,top_10,0.8425689556435927,1.5,1.46,0.027397260273972712,0.6359223300970874,0.20664662554650526,0.26385343346538903,False,1.0,-1.0
2019-10-21,2019-10-25,Basel,QF,Hard,3,Roger Federer,Stan Wawrinka,player1,top_10,0.866583176724343,1.2,1.18,0.016949152542372836,0.7894736842105263,0.07710949251381671,0.039899812069211615,True,1.0,0.19999999999999996
2019-10-21,2019-10-25,Vienna,QF,Hard,3,Karen Khachanov,Diego Schwartzman,player2,top_10,0.6972931288853603,1.57,1.6,-0.018750000000000044,0.6015228426395939,0.09577028624576644,0.09475021235001574,False,1.0,-1.0
2019-10-21,2019-10-26,Basel,SF,Hard,3,Roger Federer,Stefanos Tsitsipas,player1,top_10,0.891483987540644,1.28,1.28,0.0,0.7455268389662029,0.1459571485744411,0.1410995040520243,True,1.0,0.28
2019-10-21,2019-10-26,Vienna,SF,Hard,3,Dominic Thiem,Matteo Berrettini,player1,top_10,0.7905513420815987,1.61,1.62,-0.006172839506172867,0.588235294117647,0.20231604796395175,0.272787660751374,True,1.0,0.6100000000000001
2019-10-21,2019-10-27,Vienna,F,Hard,3,Dominic Thiem,Diego Schwartzman,player2,top_10,0.8272377020247093,1.28,1.29,-0.007751937984496138,0.7455268389662029,0.08171086305850639,0.05886425859162786,True,1.0,0.28
2019-10-28,2019-10-29,Paris Masters,R32,Hard,4,Jan Lennard Struff,Karen Khachanov,player1,top_10,0.4753500242113906,2.5,2.46,0.016260162601626105,0.375,0.10035002421139061,0.18837506052847652,True,1.0,1.5
2019-10-28,2019-10-29,Paris Masters,R32,Hard,4,Jeremy Chardy,Daniil Medvedev,player1,top_10,0.228395275674367,5.5,5.5,0.0,0.1716867469879518,0.05670852868641518,0.2561740162090185,True,1.0,4.5
2019-10-28,2019-10-30,Paris Masters,R32,Hard,4,Jo-Wilfried Tsonga,Matteo Berrettini,player1,top_10,0.6112989691299731,2.25,2.4,-0.0625,0.4109947643979057,0.20030420473206734,0.37542268054243944,True,1.0,1.25
2019-10-28,2019-10-30,Paris Masters,R32,Hard,4,Milos Raonic,Dominic Thiem,player2,top_10,0.4392302985388732,2.37,2.47,-0.04048582995951422,0.39230769230769225,0.04692260623118094,0.04097580753712948,False,1.0,-1.0
2019-10-28,2019-10-30,Paris Masters,R32,Hard,4,Taylor Fritz,Stefanos Tsitsipas,player1,top_10,0.5324818208036589,3.5,3.63,-0.03581267217630846,0.2677824267782427,0.2646993940254162,0.8636863728128062,False,1.0,-1.0
2019-10-28,2019-10-31,Paris Masters,R16,Hard,4,Stan Wawrinka,Rafael Nadal,player2,top_10,0.37935679030485425,4.0,4.13,-0.03147699757869249,0.23809523809523808,0.14126155220961617,0.517427161219417,False,1.0,-1.0
2019-10-28,2019-10-31,Paris Masters,R16,Hard,4,Radu Albot,Gael Monfils,player2,other,0.27321596808842485,4.0,3.98,0.005025125628140614,0.23809523809523808,0.03512072999318677,0.09286387235369942,False,1.0,-1.0
2019-10-28,2019-10-31,Paris Masters,R16,Hard,4,Denis Shapovalov,Alexander Zverev,player1,top_10,0.5081223887133854,2.75,2.91,-0.054982817869415834,0.3436754176610979,0.16444697105228756,0.39733656896181,True,1.0,1.75
2019-10-28,2019-10-31,Paris Masters,R16,Hard,4,Alex De Minaur,Stefanos Tsitsipas,player1,top_10,0.487712360685144,2.37,2.34,0.012820512820512997,0.398477157360406,0.089235203324738,0.15587829482379134,False,1.0,-1.0
2019-10-28,2019-10-31,Paris Masters,R16,Hard,4,Kyle Edmund,Novak Djokovic,player1,top_10,0.1774517606078101,7.0,8.23,-0.14945321992709604,0.13580246913580246,0.04164929147200763,0.24216232425467066,False,1.0,-1.0
2019-10-28,2019-11-01,Paris Masters,QF,Hard,4,Jo-Wilfried Tsonga,Rafael Nadal,player2,top_10,0.24768183361571194,5.0,5.47,-0.08592321755027421,0.1883116883116883,0.05937014530402365,0.23840916807855972,False,1.0,-1.0
2019-10-28,2019-11-02,Paris Masters,SF,Hard,4,Denis Shapovalov,Rafael Nadal,player1,top_10,0.3305389438710883,5.0,4.94,0.012145748987854255,0.1883116883116883,0.1422272555594,0.6526947193554414,True,1.0,4.0
2019-10-28,2019-11-02,Paris Masters,SF,Hard,4,Novak Djokovic,Grigor Dimitrov,player1,top_10,0.941713030905967,1.12,1.1,0.0181818181818183,0.8426966292134831,0.09901640169248394,0.054718594614683175,True,1.0,0.1200000000000001
2019-10-28,2019-11-03,Paris Masters,F,Hard,4,Denis Shapovalov,Novak Djokovic,player2,top_10,0.18676697889241023,6.0,5.98,0.0033444816053511683,0.15730337078651685,0.02946360810589338,0.12060187335446138,False,1.0,-1.0
2019-11-11,2019-11-11,Tour Finals,RR,Hard,1,Stefanos Tsitsipas,Daniil Medvedev,player1,top_10,0.3745824183174774,3.0,3.03,-0.009900990099009799,0.3181818181818181,0.056400600135659285,0.12374725495243222,True,1.0,2.0
2019-11-11,2019-11-13,Tour Finals,RR,Hard,1,Stefanos Tsitsipas,Alexander Zverev,player1,top_10,0.5576151039636432,2.0,2.09,-0.04306220095693769,0.47368421052631576,0.08393089343732746,0.11523020792728644,True,1.0,1.0
2019-11-11,2019-11-13,Tour Finals,RR,Hard,1,Daniil Medvedev,Rafael Nadal,player1,top_10,0.6301432169714838,1.72,1.71,0.005847953216374213,0.549738219895288,0.08040499707619575,0.08384633319095208,False,1.0,-1.0
2019-11-11,2019-11-14,Tour Finals,RR,Hard,1,Dominic Thiem,Matteo Berrettini,player1,top_10,0.8247935662680239,1.36,1.36,0.0,0.7017543859649122,0.12303918030311167,0.12171925012451262,False,1.0,-1.0
2019-11-11,2019-11-14,Tour Finals,RR,Hard,1,Novak Djokovic,Roger Federer,player2,top_10,0.7966447935498379,1.36,1.37,-0.007299270072992692,0.7017543859649122,0.09489040758492562,0.08343691922777957,False,1.0,-1.0
2019-11-11,2019-11-15,Tour Finals,RR,Hard,1,Alexander Zverev,Daniil Medvedev,player1,top_10,0.7262329437037782,1.9,1.92,-0.01041666666666663,0.5,0.22623294370377822,0.3798425930371786,True,1.0,0.8999999999999999
2019-11-11,2019-11-15,Tour Finals,RR,Hard,1,Stefanos Tsitsipas,Rafael Nadal,player1,top_10,0.4319282605203663,2.75,2.93,-0.061433447098976135,0.3436754176610979,0.08825284285926843,0.18780271643100732,False,1.0,-1.0
2019-11-11,2019-11-16,Tour Finals,SF,Hard,1,Alexander Zverev,Dominic Thiem,player1,top_10,0.6016492944709725,2.0,2.06,-0.029126213592232997,0.47368421052631576,0.12796508394465672,0.20329858894194497,False,1.0,-1.0
2019-11-11,2019-11-17,Tour Finals,F,Hard,1,Stefanos Tsitsipas,Dominic Thiem,player1,top_10,0.6043752803714844,2.0,1.96,0.020408163265306145,0.47368421052631576,0.1306910698451686,0.20875056074296872,True,1.0,1.0
2020-01-20,2020-01-20,Australian Open,R128,Hard,5,Jan Lennard Struff,Novak Djokovic,player2,top_10,0.08398474711792214,23.0,20.0,0.1499999999999999,0.04206580591420241,0.04191894120371973,0.9316491837122093,False,1.0,-1.0
2020-01-20,2020-01-22,Australian Open,R64,Hard,5,Filip Krajinovic,Roger Federer,player2,top_10,0.10214829893233068,17.0,14.08,0.20738636363636354,0.05660377358490567,0.045544525347425015,0.7365210818496216,False,1.0,-1.0
2020-01-20,2020-01-22,Australian Open,R64,Hard,5,Michael Mmoh,Roberto Bautista Agut,player2,top_10,0.12990332554429285,8.0,7.88,0.015228426395939021,0.11894273127753305,0.010960594266759799,0.039226604354342776,False,1.0,-1.0
2020-01-20,2020-01-23,Australian Open,R64,Hard,5,Alex Bolt,Dominic Thiem,player1,top_10,0.14678802766796814,9.0,8.43,0.06761565836298944,0.10625620655412116,0.04053182111384698,0.3210922490117133,False,1.0,-1.0
2020-01-20,2020-01-23,Australian Open,R64,Hard,5,Egor Gerasimov,Alexander Zverev,player2,top_10,0.293060587261343,4.5,4.87,-0.07597535934291588,0.21052631578947367,0.08253427147186931,0.3187726426760433,False,1.0,-1.0
2020-01-20,2020-01-24,Australian Open,R32,Hard,5,Milos Raonic,Stefanos Tsitsipas,player2,top_10,0.3563691191611269,3.2,3.16,0.012658227848101333,0.2982456140350877,0.0581235051260392,0.14038118131560617,True,1.0,2.2
2020-01-20,2020-01-24,Australian Open,R32,Hard,5,Roberto Bautista Agut,Marin Cilic,player1,top_10,0.8492948286879656,1.36,1.34,0.014925373134328401,0.7017543859649122,0.14754044272305333,0.15504096701563325,False,1.0,-1.0
2020-01-20,2020-01-25,Australian Open,R32,Hard,5,Pablo Carreno Busta,Rafael Nadal,player2,top_10,0.07861020006839592,15.0,14.33,0.04675505931612012,0.06425452276980662,0.014355677298589303,0.17915300102593879,False,1.0,-1.0
2020-01-20,2020-01-25,Australian Open,R32,Hard,5,Gael Monfils,Ernests Gulbis,player1,top_10,0.7185427389664549,1.53,1.48,0.03378378378378377,0.6203473945409429,0.09819534442551203,0.09937039061867609,True,1.0,0.53
2020-01-20,2020-01-25,Australian Open,R32,Hard,5,Taylor Fritz,Dominic Thiem,player2,top_10,0.38386999386671083,3.0,2.98,0.006711409395973256,0.3181818181818181,0.06568817568489271,0.1516099816001325,False,1.0,-1.0
2020-01-20,2020-01-26,Australian Open,R16,Hard,5,Diego Schwartzman,Novak Djokovic,player2,top_10,0.1235656319320575,13.0,11.88,0.09427609427609429,0.07407407407407408,0.04949155785798341,0.6063532151167474,False,1.0,-1.0
2020-01-20,2020-01-27,Australian Open,R16,Hard,5,Stan Wawrinka,Daniil Medvedev,player2,top_10,0.3363612805843522,3.75,3.79,-0.01055408970976257,0.25447316103379725,0.08188811955055497,0.2613548021913208,True,1.0,2.75
2020-01-20,2020-01-27,Australian Open,R16,Hard,5,Andrey Rublev,Alexander Zverev,player2,top_10,0.5816380090255134,1.8,1.81,-0.0055248618784530246,0.5263157894736842,0.055322219551829255,0.04694841624592422,False,1.0,-1.0
2020-01-20,2020-01-28,Australian Open,QF,Hard,5,Tennys Sandgren,Roger Federer,player2,top_10,0.1306259878094671,8.0,7.94,0.007556675062972307,0.11894273127753305,0.011683256531934055,0.04500790247573683,False,1.0,-1.0
2020-01-20,2020-01-28,Australian Open,QF,Hard,5,Novak Djokovic,Milos Raonic,player2,top_10,0.98,1.12,1.12,0.0,0.8426966292134831,0.1373033707865169,0.09760000000000009,True,1.0,0.1200000000000001
2020-01-20,2020-01-29,Australian Open,QF,Hard,5,Dominic Thiem,Rafael Nadal,player1,top_10,0.3489887233555658,3.2,3.42,-0.0643274853801169,0.2982456140350877,0.0507431093204781,0.11676391473781056,True,1.0,2.2
2020-01-20,2020-01-30,Australian Open,SF,Hard,5,Roger Federer,Novak Djokovic,player2,top_10,0.159465015262228,6.5,6.25,0.040000000000000036,0.14586070959264127,0.01360430566958673,0.03652259920448209,False,1.0,-1.0
2020-01-20,2020-01-31,Australian Open,SF,Hard,5,Dominic Thiem,Alexander Zverev,player1,top_10,0.6994717292592428,1.5,1.48,0.013513513513513598,0.6359223300970874,0.0635493991621554,0.049207593888864254,True,1.0,0.5
2020-02-03,2020-02-06,Montpellier,R16,Hard,3,Alexander Bublik,David Goffin,player2,top_10,0.399988495829789,3.25,3.17,0.025236593059936974,0.2903930131004367,0.10959548272935232,0.29996261144681435,False,1.0,-1.0
2020-02-03,2020-02-06,Montpellier,R16,Hard,3,Gael Monfils,Adrian Mannarino,player2,top_10,0.6683942719591334,1.57,1.57,0.0,0.5890052356020942,0.0793890363570392,0.04937900697583941,True,1.0,0.5700000000000001
2020-02-03,2020-02-07,Montpellier,QF,Hard,3,Pierre Hugues Herbert,David Goffin,player1,top_10,0.4026817690083832,2.62,2.59,0.011583011583011782,0.3640776699029127,0.038604099105470524,0.05502623480196411,False,1.0,-1.0
2020-02-03,2020-02-07,Cordoba,R16,Clay,3,Jaume Munar,Diego Schwartzman,player1,other,0.3174175912257485,3.5,3.65,-0.041095890410958846,0.2677824267782427,0.049635164447505764,0.11096156929011958,False,1.0,-1.0
2020-02-03,2020-02-08,Montpellier,SF,Hard,3,Vasek Pospisil,David Goffin,player1,top_10,0.43684637138580484,2.5,2.5,0.0,0.3796526054590571,0.05719376592674774,0.09211592846451211,True,1.0,1.5
2020-02-03,2020-02-08,Montpellier,SF,Hard,3,Gael Monfils,Filip Krajinovic,player2,top_10,0.6326072787357443,1.72,1.69,0.01775147928994092,0.549738219895288,0.08286905884045626,0.08808451942548018,True,1.0,0.72
2020-02-03,2020-02-09,Montpellier,F,Hard,3,Gael Monfils,Vasek Pospisil,player1,top_10,0.7961732421058729,1.44,1.45,-0.006896551724137945,0.6563245823389022,0.1398486597669707,0.146489468632457,True,1.0,0.43999999999999995
2020-02-10,2020-02-11,Rotterdam,R32,Hard,3,Hubert Hurkacz,Stefanos Tsitsipas,player2,top_10,0.46223501843084325,3.0,3.27,-0.0825688073394496,0.3119266055045871,0.15030841292625613,0.38670505529252974,False,1.0,-1.0
2020-02-10,2020-02-13,Rotterdam,R16,Hard,3,Jannik Sinner,David Goffin,player2,top_10,0.39011694456684376,3.0,3.27,-0.0825688073394496,0.3119266055045871,0.07819033906225664,0.17035083370053128,True,1.0,2.0
2020-02-10,2020-02-13,New York,R16,Hard,3,Soon Woo Kwon,Milos Raonic,player2,other,0.23473300079829584,4.5,4.55,-0.01098901098901095,0.2077464788732394,0.026986521925056434,0.05629850359233124,True,1.0,3.5
2020-02-10,2020-02-14,Rotterdam,QF,Hard,3,Gael Monfils,Daniel Evans,player1,top_10,0.7582902466150431,1.44,1.48,-0.027027027027027084,0.6563245823389022,0.10196566427614084,0.091937955125662,True,1.0,0.43999999999999995
2020-02-10,2020-02-15,Rotterdam,SF,Hard,3,Gael Monfils,Filip Krajinovic,player1,top_10,0.7334891054510045,1.61,1.59,0.012578616352201255,0.588235294117647,0.14525381133335757,0.1809174597761174,True,1.0,0.6100000000000001
2020-02-10,2020-02-16,Rotterdam,F,Hard,3,Gael Monfils,Felix Auger Aliassime,player2,top_10,0.6711769275685041,1.57,1.56,0.0064102564102563875,0.6015228426395939,0.06965408492891023,0.05374777628255151,True,1.0,0.5700000000000001
2020-02-17,2020-02-19,Delray Beach,R16,Hard,3,Mackenzie Mcdonald,Reilly Opelka,player2,other,0.41328481729475885,2.5,2.65,-0.05660377358490565,0.375,0.038284817294758855,0.03321204323689708,False,1.0,-1.0
2020-02-17,2020-02-21,Marseille,QF,Hard,3,Gilles Simon,Daniil Medvedev,player2,top_10,0.3582111924272915,4.5,4.66,-0.03433476394849788,0.21052631578947367,0.14768487663781782,0.6119503659228116,True,1.0,3.5
2020-02-17,2020-02-21,ATP Rio de Janeiro,R16,Clay,3,Jaume Munar,Dominic Thiem,player1,top_10,0.2541235347435752,4.5,4.99,-0.09819639278557113,0.2077464788732394,0.046377055870335776,0.1435559063460884,False,1.0,-1.0
2020-02-17,2020-02-23,Marseille,F,Hard,3,Felix Auger Aliassime,Stefanos Tsitsipas,player2,top_10,0.3911705367108723,2.75,2.88,-0.04513888888888884,0.3436754176610979,0.04749511904977444,0.07571897595489885,False,1.0,-1.0
2020-02-24,2020-02-25,Dubai,R32,Hard,3,Stefanos Tsitsipas,Pablo Carreno Busta,player1,top_10,0.8295378422761271,1.3,1.32,-0.015151515151515138,0.7234042553191489,0.10613358695697828,0.07839919495896533,True,1.0,0.30000000000000004
2020-02-24,2020-02-26,Dubai,R16,Hard,3,Gael Monfils,Yasutaka Uchiyama,player1,top_10,0.9539257398086968,1.11,1.1,0.009090909090909038,0.8541392904073586,0.09978644940133818,0.058857571187653515,True,1.0,0.1100000000000001
2020-02-24,2020-02-26,Acapulco,R32,Hard,3,Jason Jung,Alexander Zverev,player2,top_10,0.31046507317953376,5.0,5.3,-0.05660377358490565,0.1883116883116883,0.12215338486784547,0.5523253658976688,False,1.0,-1.0
2020-02-24,2020-02-26,Acapulco,R32,Hard,3,Pablo Andujar,Rafael Nadal,player1,top_10,0.12406949824248946,15.0,13.64,0.0997067448680351,0.06425452276980662,0.059814975472682844,0.8610424736373419,False,1.0,-1.0
2020-02-24,2020-02-27,Dubai,QF,Hard,3,Jan Lennard Struff,Stefanos Tsitsipas,player1,top_10,0.3866379709508828,3.0,2.92,0.027397260273972712,0.3181818181818181,0.0684561527690647,0.15991391285264844,False,1.0,-1.0
2020-02-24,2020-02-27,Dubai,QF,Hard,3,Gael Monfils,Richard Gasquet,player2,top_10,0.8483370342337739,1.22,1.21,0.008264462809917328,0.7801801801801801,0.06815685405359384,0.03497118176520417,True,1.0,0.21999999999999997
2020-02-24,2020-02-27,Dubai,QF,Hard,3,Karen Khachanov,Novak Djokovic,player2,top_10,0.11657625405525984,9.0,8.69,0.03567318757192184,0.10625620655412116,0.010320047501138685,0.04918628649733858,False,1.0,-1.0
2020-02-24,2020-02-27,Santiago,R16,Clay,3,Alejandro Davidovich Fokina,Cristian Garin,player1,other,0.3349453523625621,3.25,3.45,-0.05797101449275366,0.2903930131004367,0.04455233926212543,0.08857239517832682,False,1.0,-1.0
2020-02-24,2020-02-28,Dubai,SF,Hard,3,Stefanos Tsitsipas,Daniel Evans,player2,top_10,0.98,1.22,1.23,-0.008130081300813052,0.7801801801801801,0.1998198198198199,0.19559999999999994,True,1.0,0.21999999999999997
2020-02-24,2020-02-28,Acapulco,QF,Hard,3,Soon Woo Kwon,Rafael Nadal,player2,top_10,0.11197503160683653,11.0,10.94,0.005484460694698434,0.08713692946058092,0.024838102146255606,0.2317253476752018,False,1.0,-1.0
2020-02-24,2020-02-29,Dubai,F,Hard,3,Stefanos Tsitsipas,Novak Djokovic,player2,top_10,0.43030136059997126,3.5,3.3,0.06060606060606055,0.27083333333333337,0.1594680272666379,0.5060547620998994,False,1.0,-1.0
2020-02-24,2020-02-29,Acapulco,SF,Hard,3,Grigor Dimitrov,Rafael Nadal,player1,top_10,0.173601774894808,6.5,6.29,0.03338632750397452,0.14586070959264127,0.027741065302166718,0.12841153681625195,False,1.0,-1.0
2020-08-24,2020-08-24,Cincinnati Masters,R32,Hard,4,Richard Gasquet,Roberto Bautista Agut,player2,other,0.41241481117410106,2.5,2.51,-0.003984063745019806,0.375,0.03741481117410106,0.031037027935252648,False,1.0,-1.0
2020-08-24,2020-08-25,Cincinnati Masters,R32,Hard,4,Filip Krajinovic,Dominic Thiem,player1,top_10,0.22258712675006934,5.0,5.16,-0.03100775193798455,0.1883116883116883,0.034275438438381045,0.11293563375034665,True,1.0,4.0
2020-08-24,2020-08-25,Cincinnati Masters,R32,Hard,4,Ricardas Berankis,Novak Djokovic,player2,top_10,0.13749625321664405,9.0,9.41,-0.043570669500531345,0.10625620655412116,0.03124004666252289,0.23746627894979644,False,1.0,-1.0
2020-08-24,2020-08-25,Cincinnati Masters,R16,Hard,4,Reilly Opelka,Matteo Berrettini,player2,top_10,0.45902410827237217,2.37,2.36,0.004237288135593209,0.39230769230769225,0.06671641596467992,0.08788713660552205,True,1.0,1.37
2020-08-24,2020-08-27,Cincinnati Masters,QF,Hard,4,Stefanos Tsitsipas,Reilly Opelka,player1,top_10,0.7710938571769373,1.4,1.41,-0.007092198581560294,0.6818181818181818,0.08927567535875558,0.0795314000477122,True,1.0,0.3999999999999999
2020-08-24,2020-08-28,Cincinnati Masters,SF,Hard,4,Milos Raonic,Stefanos Tsitsipas,player1,top_10,0.5607059400199297,2.37,2.36,0.004237288135593209,0.398477157360406,0.16222878265952367,0.3288730778472334,True,1.0,1.37
2020-08-31,2020-08-31,Us Open,R128,Hard,5,Kevin Anderson,Alexander Zverev,player2,top_10,0.42304156698009865,3.4,3.61,-0.05817174515235457,0.28118393234672306,0.14185763463337558,0.43834132773233536,False,1.0,-1.0
2020-08-31,2020-09-01,Us Open,R128,Hard,5,Reilly Opelka,David Goffin,player2,top_10,0.5282657969295299,2.37,2.43,-0.024691358024691357,0.398477157360406,0.1297886395691239,0.2519899387229859,False,1.0,-1.0
2020-08-31,2020-09-02,Us Open,R128,Hard,5,Leonardo Mayer,Milos Raonic,player1,other,0.09704073235728539,11.0,12.17,-0.09613804437140505,0.08713692946058092,0.009903802896704464,0.06744805593013925,False,1.0,-1.0
2020-08-31,2020-09-02,Us Open,R64,Hard,5,Lloyd Harris,David Goffin,player2,top_10,0.3550110621781417,5.0,5.62,-0.11032028469750887,0.1883116883116883,0.16669937386645342,0.7750553108907086,False,1.0,-1.0
2020-08-31,2020-09-03,Us Open,R64,Hard,5,Matteo Berrettini,Ugo Humbert,player1,top_10,0.7607551884947906,1.4,1.34,0.04477611940298498,0.6818181818181818,0.07893700667660886,0.06505726389270683,True,1.0,0.3999999999999999
2020-08-31,2020-09-03,Us Open,R64,Hard,5,Miomir Kecmanovic,Roberto Bautista Agut,player2,other,0.17921969801394122,6.0,6.7,-0.10447761194029848,0.15730337078651685,0.02191632722742437,0.07531818808364732,False,1.0,-1.0
2020-08-31,2020-09-05,Us Open,R32,Hard,5,Adrian Mannarino,Alexander Zverev,player2,top_10,0.2277046228857148,5.5,5.19,0.059730250481695446,0.1716867469879518,0.056017875897763,0.25237542587143136,False,1.0,-1.0
2020-08-31,2020-09-05,Us Open,R32,Hard,5,Matteo Berrettini,Casper Ruud,player1,top_10,0.922835863257345,1.14,1.15,-0.008695652173913104,0.8283132530120482,0.09452261024529685,0.05203288411337323,True,1.0,0.1399999999999999
2020-08-31,2020-09-06,Us Open,R16,Hard,5,Pablo Carreno Busta,Novak Djokovic,player2,top_10,0.11460061083034156,11.0,13.87,-0.20692141312184564,0.08713692946058092,0.027463681369760642,0.2606067191337572,True,1.0,10.0
2020-08-31,2020-09-06,Us Open,R16,Hard,5,Alejandro Davidovich Fokina,Alexander Zverev,player2,top_10,0.17056625207333487,6.5,6.52,-0.0030674846625766694,0.14586070959264127,0.024705542480693593,0.10868063847667664,False,1.0,-1.0
2020-08-31,2020-09-07,Us Open,R16,Hard,5,Denis Shapovalov,David Goffin,player2,top_10,0.4981498789095673,2.1,2.14,-0.01869158878504673,0.450261780104712,0.047888098804855284,0.04611474571009133,True,1.0,1.1
2020-08-31,2020-09-08,Us Open,R16,Hard,5,Andrey Rublev,Matteo Berrettini,player2,top_10,0.5204192849518635,2.0,1.99,0.005025125628140614,0.47368421052631576,0.04673507442554775,0.04083856990372703,True,1.0,1.0
2020-09-14,2020-09-19,Rome Masters,QF,Clay,4,Diego Schwartzman,Rafael Nadal,player1,top_10,0.14671616954297345,15.0,14.71,0.01971447994561526,0.06425452276980662,0.08246164677316684,1.2007425431446017,True,1.0,14.0
2020-09-14,2020-09-19,Rome Masters,QF,Clay,4,Matteo Berrettini,Casper Ruud,player1,top_10,0.6843853649042877,1.57,1.63,-0.036809815950920144,0.6015228426395939,0.08286252226469382,0.07448502289973175,False,1.0,-1.0
2020-09-14,2020-09-19,Rome Masters,QF,Clay,4,Dominik Koepfer,Novak Djokovic,player1,top_10,0.08389012744250353,15.0,13.71,0.09409190371991238,0.06425452276980662,0.019635604672696913,0.2583519116375529,False,1.0,-1.0
2020-09-21,2020-09-22,Hamburg,R32,Clay,3,Ugo Humbert,Daniil Medvedev,player1,top_10,0.2361732594528327,4.5,4.61,-0.02386117136659438,0.2077464788732394,0.028426780579593303,0.06277966753774722,True,1.0,3.5
2020-09-21,2020-09-25,Hamburg,QF,Clay,3,Dusan Lajovic,Stefanos Tsitsipas,player1,top_10,0.46422696335236724,2.75,2.87,-0.04181184668989546,0.3373493975903614,0.12687756576200582,0.2766241492190099,False,1.0,-1.0
2020-09-21,2020-09-27,Hamburg,F,Clay,3,Stefanos Tsitsipas,Andrey Rublev,player1,top_10,0.5189719517071848,2.05,2.06,-0.004854368932038944,0.4533333333333333,0.06563861837385149,0.06389250099972876,False,1.0,-1.0
2020-09-28,2020-09-28,Roland Garros,R128,Clay,5,Alexander Bublik,Gael Monfils,player2,top_10,0.5030770845431568,2.1,2.14,-0.01869158878504673,0.450261780104712,0.05281530443844479,0.05646187754062937,True,1.0,1.1
2020-09-28,2020-09-28,Roland Garros,R128,Clay,5,Egor Gerasimov,Rafael Nadal,player2,top_10,0.030709324364486923,34.0,22.68,0.4991181657848325,0.02776586314374768,0.0029434612207392442,0.04411702839255538,False,1.0,-1.0
2020-09-28,2020-09-29,Roland Garros,R128,Clay,5,Richard Gasquet,Roberto Bautista Agut,player1,top_10,0.22059149973656203,5.0,5.16,-0.03100775193798455,0.1883116883116883,0.03227981142487374,0.10295749868281012,False,1.0,-1.0
2020-09-28,2020-09-29,Roland Garros,R128,Clay,5,Vasek Pospisil,Matteo Berrettini,player2,top_10,0.17514817283046646,6.5,7.02,-0.07407407407407407,0.14586070959264127,0.02928746323782519,0.13846312339803202,False,1.0,-1.0
2020-09-28,2020-09-30,Roland Garros,R64,Clay,5,Alexander Zverev,Pierre Hugues Herbert,player2,top_10,0.98,1.1,1.11,-0.009009009009009028,0.8641975308641975,0.1158024691358025,0.07800000000000007,True,1.0,0.10000000000000009
2020-09-28,2020-10-01,Roland Garros,R64,Clay,5,Attila Balazs,Roberto Bautista Agut,player1,top_10,0.1105115683658469,11.0,10.03,0.09670987038883361,0.08713692946058092,0.023374638905265976,0.21562725202431587,False,1.0,-1.0
2020-09-28,2020-10-01,Roland Garros,R64,Clay,5,Lloyd Harris,Matteo Berrettini,player1,top_10,0.176361899101394,7.0,8.29,-0.1556091676718938,0.13580246913580246,0.04055942996559153,0.23453329370975795,False,1.0,-1.0
2020-09-28,2020-10-01,Roland Garros,R64,Clay,5,Pablo Cuevas,Stefanos Tsitsipas,player1,top_10,0.24321676354132976,4.33,4.99,-0.13226452905811625,0.2198198198198198,0.023396943721509966,0.05312858613395799,False,1.0,-1.0
2020-09-28,2020-10-02,Roland Garros,R32,Clay,5,Alexander Zverev,Marco Cecchinato,player2,top_10,0.7346684575153926,1.44,1.42,0.014084507042253502,0.6563245823389022,0.07834387517649033,0.05792257882216523,True,1.0,0.43999999999999995
2020-09-28,2020-10-03,Roland Garros,R32,Clay,5,Pablo Carreno Busta,Roberto Bautista Agut,player1,top_10,0.5388281562298849,2.1,2.09,0.004784688995215447,0.450261780104712,0.08856637612517287,0.13153912808275836,True,1.0,1.1
2020-09-28,2020-10-03,Roland Garros,R32,Clay,5,Stefanos Tsitsipas,Aljaz Bedene,player2,top_10,0.9406162637934907,1.11,1.1,0.009090909090909038,0.8541392904073586,0.08647697338613214,0.04408405281077479,True,1.0,0.1100000000000001
2020-09-28,2020-10-07,Roland Garros,QF,Clay,5,Novak Djokovic,Pablo Carreno Busta,player1,top_10,0.98,1.06,1.06,0.0,0.9041591320072333,0.07584086799276668,0.038800000000000036,True,1.0,0.06000000000000005
2020-09-28,2020-10-09,Roland Garros,SF,Clay,5,Stefanos Tsitsipas,Novak Djokovic,player2,top_10,0.34837802972658016,3.4,3.53,-0.03682719546742208,0.28118393234672306,0.0671940973798571,0.18448530107037253,False,1.0,-1.0
2020-09-28,2020-10-09,Roland Garros,SF,Clay,5,Diego Schwartzman,Rafael Nadal,player1,top_10,0.1915757362774442,5.5,5.51,-0.001814882032667886,0.1716867469879518,0.019888989289492398,0.053666549525943075,False,1.0,-1.0
2020-09-28,2020-10-11,Roland Garros,F,Clay,5,Rafael Nadal,Novak Djokovic,player1,top_10,0.6957236291544524,1.72,1.68,0.023809523809523725,0.549738219895288,0.14598540925916437,0.19664464214565813,True,1.0,0.72
2020-10-12,2020-10-13,St Petersburg,R32,Hard,3,Vasek Pospisil,Andrey Rublev,player1,top_10,0.4302618632836977,2.75,2.92,-0.05821917808219179,0.3373493975903614,0.09291246569333628,0.18322012403016863,False,1.0,-1.0
2020-10-12,2020-10-14,St Petersburg,R32,Hard,3,Richard Gasquet,Daniil Medvedev,player2,top_10,0.304860115826765,6.0,6.12,-0.019607843137254943,0.15730337078651685,0.14755674504024813,0.8291606949605899,False,1.0,-1.0
2020-10-12,2020-10-14,Sardinia,R32,Clay,3,Corentin Moutet,Frances Tiafoe,player2,other,0.46928693871874916,2.2,2.17,0.01382488479262678,0.4225721784776903,0.04671476024105886,0.03243126518124828,True,1.0,1.2000000000000002
2020-10-12,2020-10-15,St Petersburg,R16,Hard,3,Ugo Humbert,Andrey Rublev,player2,top_10,0.3302512912556479,4.5,5.18,-0.13127413127413123,0.2077464788732394,0.12250481238240848,0.48613081065041563,False,1.0,-1.0
2020-10-12,2020-10-15,Cologne 1,R16,Hard,3,Fernando Verdasco,Alexander Zverev,player2,top_10,0.4508674670044126,4.33,4.5,-0.0377777777777778,0.21699819168173598,0.23386927532267662,0.9522561321291065,False,1.0,-1.0
2020-10-12,2020-10-17,St Petersburg,SF,Hard,3,Andrey Rublev,Denis Shapovalov,player1,top_10,0.655027816075585,1.66,1.63,0.01840490797546024,0.5585106382978724,0.09651717777771263,0.08734617468547107,True,1.0,0.6599999999999999
2020-10-19,2020-10-21,Antwerp,R16,Hard,3,Pablo Andujar,Grigor Dimitrov,player2,other,0.1800170519677593,6.5,5.36,0.2126865671641791,0.14586070959264127,0.034156342375118026,0.17011083779043545,False,1.0,-1.0
2020-10-19,2020-10-23,Cologne 2,QF,Hard,3,Alejandro Davidovich Fokina,Diego Schwartzman,player1,top_10,0.4137540523961705,3.4,3.4,0.0,0.2765957446808511,0.13715830771531945,0.4067637781469797,False,1.0,-1.0
2020-10-19,2020-10-24,Cologne 2,SF,Hard,3,Diego Schwartzman,Felix Auger Aliassime,player1,top_10,0.6302914503898106,1.75,1.79,-0.022346368715083775,0.5333333333333333,0.09695811705647728,0.10301003818216858,True,1.0,0.75
2020-10-19,2020-10-24,Cologne 2,SF,Hard,3,Jannik Sinner,Alexander Zverev,player1,top_10,0.532419292849179,1.95,1.95,0.0,0.48,0.05241929284917901,0.03821762105589899,False,1.0,-1.0
2020-10-26,2020-10-26,Vienna,R32,Hard,3,Norbert Gombos,Andrey Rublev,player2,top_10,0.10427367287743083,11.0,9.08,0.21145374449339216,0.08713692946058092,0.01713674341684991,0.14701040165173918,False,1.0,-1.0
2020-10-26,2020-10-27,Vienna,R32,Hard,3,Filip Krajinovic,Novak Djokovic,player2,top_10,0.22524483676178686,8.0,8.57,-0.06651108518086346,0.11894273127753305,0.10630210548425381,0.8019586940942948,False,1.0,-1.0
2020-10-26,2020-10-28,Vienna,R32,Hard,3,Daniil Medvedev,Jason Jung,player2,top_10,0.98,1.08,1.06,0.018867924528301883,0.8810572687224669,0.09894273127753306,0.05840000000000005,True,1.0,0.08000000000000007
2020-10-26,2020-10-28,Vienna,R32,Hard,3,Jan Lennard Struff,Stefanos Tsitsipas,player2,top_10,0.4040818568569575,3.5,3.62,-0.03314917127071826,0.2677824267782427,0.1362994300787148,0.4142864989993513,False,1.0,-1.0
2020-10-26,2020-10-29,Vienna,R16,Hard,3,Dominic Thiem,Cristian Garin,player2,top_10,0.9573403732449306,1.14,1.12,0.01785714285714257,0.8283132530120482,0.12902712023288243,0.0913680254992208,True,1.0,0.1399999999999999
2020-10-26,2020-10-30,Vienna,QF,Hard,3,Dominic Thiem,Andrey Rublev,player2,top_10,0.632885454645141,1.75,1.77,-0.011299435028248594,0.5333333333333333,0.09955212131180768,0.10754954562899677,False,1.0,-1.0
2020-10-26,2020-10-30,Vienna,QF,Hard,3,Kevin Anderson,Daniil Medvedev,player2,top_10,0.2430520009803241,4.33,4.17,0.0383693045563549,0.21699819168173598,0.02605380929858811,0.0524151642448033,True,1.0,3.33
2020-10-26,2020-10-31,Vienna,SF,Hard,3,Kevin Anderson,Andrey Rublev,player2,top_10,0.3918615518016273,4.33,4.36,-0.006880733944954143,0.21699819168173598,0.17486336011989131,0.6967605193010462,False,1.0,-1.0
2020-11-02,2020-11-03,Paris Masters,R32,Hard,4,Marcos Giron,Matteo Berrettini,player1,top_10,0.3104447094698038,3.4,3.15,0.0793650793650793,0.2765957446808511,0.03384896478895272,0.055512012197332816,True,1.0,2.4
2020-11-02,2020-11-04,Paris Masters,R32,Hard,4,Kevin Anderson,Daniil Medvedev,player2,top_10,0.4933739670697562,3.0,3.04,-0.013157894736842146,0.3119266055045871,0.1814473615651691,0.4801219012092687,False,1.0,-1.0
2020-11-02,2020-11-04,Paris Masters,R32,Hard,4,Radu Albot,Andrey Rublev,player2,top_10,0.2789969768235059,8.0,8.82,-0.09297052154195018,0.11894273127753305,0.16005424554597283,1.231975814588047,False,1.0,-1.0
2020-11-02,2020-11-04,Paris Masters,R32,Hard,4,Miomir Kecmanovic,Alexander Zverev,player2,top_10,0.3248018364039106,3.25,3.34,-0.026946107784431073,0.2903930131004367,0.03440882330347389,0.055605968312709364,False,1.0,-1.0
2020-11-02,2020-11-04,Paris Masters,R32,Hard,4,Rafael Nadal,Feliciano Lopez,player2,top_10,0.9318805170024524,1.11,1.08,0.0277777777777779,0.8541392904073586,0.07774122659509386,0.03438737387272231,True,1.0,0.1100000000000001
2020-11-02,2020-11-05,Paris Masters,R16,Hard,4,Alex De Minaur,Daniil Medvedev,player1,top_10,0.41335136827759345,2.5,2.44,0.024590163934426146,0.3796526054590571,0.03369876281853634,0.03337842069398367,False,1.0,-1.0
2020-11-02,2020-11-05,Paris Masters,R16,Hard,4,Alejandro Davidovich Fokina,Diego Schwartzman,player1,top_10,0.4505941421150548,2.75,2.75,0.0,0.3436754176610979,0.10691872445395689,0.23913389081640068,False,1.0,-1.0
2020-11-02,2020-11-06,Paris Masters,QF,Hard,4,Alexander Zverev,Stan Wawrinka,player1,top_10,0.8115801716842213,1.44,1.45,-0.006896551724137945,0.6563245823389022,0.15525558934531902,0.16867544722527855,True,1.0,0.43999999999999995
2020-11-02,2020-11-06,Paris Masters,QF,Hard,4,Pablo Carreno Busta,Rafael Nadal,player2,top_10,0.17895370854529535,6.0,5.31,0.12994350282485878,0.15730337078651685,0.021650337758778504,0.07372225127177212,False,1.0,-1.0
2020-11-02,2020-11-07,Paris Masters,SF,Hard,4,Milos Raonic,Daniil Medvedev,player2,top_10,0.43464935968446894,2.75,2.66,0.03383458646616533,0.3436754176610979,0.09097394202337106,0.19528573913228953,False,1.0,-1.0
2020-11-02,2020-11-07,Paris Masters,SF,Hard,4,Alexander Zverev,Rafael Nadal,player2,top_10,0.4503458551566235,2.37,2.42,-0.02066115702479332,0.398477157360406,0.0518686977962175,0.06731967672119776,True,1.0,1.37
2020-11-02,2020-11-08,Paris Masters,F,Hard,4,Daniil Medvedev,Alexander Zverev,player2,top_10,0.6229064042996364,1.9,1.91,-0.005235602094240788,0.5,0.1229064042996364,0.1835221681693091,True,1.0,0.8999999999999999
2020-11-16,2020-11-16,Tour Finals,RR,Hard,1,Alexander Zverev,Daniil Medvedev,player2,top_10,0.5870460637627997,2.05,2.16,-0.05092592592592604,0.4533333333333333,0.13371273042946635,0.2034444307137392,False,1.0,-1.0
2020-11-16,2020-11-16,Tour Finals,RR,Hard,1,Diego Schwartzman,Novak Djokovic,player2,top_10,0.2511859658465264,6.0,6.75,-0.11111111111111116,0.15730337078651685,0.09388259506000957,0.5071157950791584,False,1.0,-1.0
2020-11-16,2020-11-17,Tour Finals,RR,Hard,1,Stefanos Tsitsipas,Andrey Rublev,player2,top_10,0.6691011359107597,1.7,1.76,-0.03409090909090917,0.5466666666666666,0.12243446924409307,0.13747193104829147,True,1.0,0.7
2020-11-16,2020-11-18,Tour Finals,RR,Hard,1,Alexander Zverev,Diego Schwartzman,player2,top_10,0.879356413420431,1.28,1.31,-0.022900763358778664,0.7322175732217574,0.14713884019867363,0.12557620917815174,True,1.0,0.28
2020-11-16,2020-11-19,Tour Finals,RR,Hard,1,Andrey Rublev,Dominic Thiem,player2,top_10,0.4336014281098187,2.5,2.39,0.046025104602510414,0.375,0.05860142810981872,0.08400357027454686,True,1.0,1.5
2020-11-16,2020-11-20,Tour Finals,RR,Hard,1,Novak Djokovic,Alexander Zverev,player1,top_10,0.817877295227124,1.33,1.31,0.01526717557251911,0.7096069868995633,0.1082703083275608,0.08777680265207505,True,1.0,0.33000000000000007
