tourney_date,match_date,tourney_name,round,surface,tournament_importance,player,opponent,side,model_type,model_probability,odds,closing_odds,execution_odds_source,closing_odds_source,friction_bps,friction_adjusted_odds,clv,market_probability,market_overround,edge,ev,friction_adjusted_ev,fractional_kelly_25,edge_trust_probability,accepted_by_strategy,won,stake,profit,friction_adjusted_profit
2018-12-31,2019-01-01,Doha,R32,Hard,3,Pierre Hugues Herbert,Dominic Thiem,player2,top_10,0.3839362145109013,3.75,3.77,selected,average_proxy,200.0,3.695,-0.0053050397877983935,0.25,1.0666666666666667,0.13393621451090132,0.43976080441587984,0.41864431261778035,0.03997825494689817,,True,True,1.0,2.75,2.695
2018-12-31,2019-01-01,Doha,R32,Hard,3,Damir Dzumhur,Novak Djokovic,player2,top_10,0.11855970294634466,11.0,12.85,selected,average_proxy,200.0,10.8,-0.14396887159533067,0.08713692946058092,1.0432900432900432,0.031422773485763736,0.30415673240979124,0.2804447918205223,0.007603918310244781,,True,False,1.0,-1.0,-1.0
2018-12-31,2019-01-02,Pune,R16,Hard,3,Kevin Anderson,Laslo Djere,player2,top_10,0.8745819915878583,1.25,1.32,selected,average_proxy,200.0,1.245,-0.053030303030303094,0.75,1.0666666666666667,0.12458199158785832,0.0932274894848229,0.08885457952688369,0.0932274894848229,,True,True,1.0,0.25,0.2450000000000001
2018-12-31,2019-01-02,Brisbane,R16,Hard,3,Denis Kudla,Kei Nishikori,player2,top_10,0.2670259796682126,5.0,5.17,selected,average_proxy,200.0,4.92,-0.03288201160541582,0.1883116883116883,1.0620689655172415,0.07871429135652433,0.3351298983410631,0.31376781996760617,0.020945618646316444,,True,False,1.0,-1.0,-1.0
2018-12-31,2019-01-03,Brisbane,QF,Hard,3,Grigor Dimitrov,Kei Nishikori,player2,top_10,0.5007591873557637,2.3,2.26,selected,average_proxy,200.0,2.274,0.017699115044247815,0.411764705882353,1.0559006211180124,0.08899448147341077,0.1517461309182565,0.13872639204700676,0.02918194825351087,,True,False,1.0,-1.0,-1.0
2018-12-31,2019-01-04,Doha,SF,Hard,3,Roberto Bautista Agut,Novak Djokovic,player2,top_10,0.2144838288822134,5.0,4.95,selected,average_proxy,200.0,4.92,0.010101010101010166,0.1883116883116883,1.0620689655172415,0.02617214057052511,0.072419144411067,0.05526043810048997,0.004526196525691688,,True,True,1.0,4.0,3.92
2018-12-31,2019-01-06,Brisbane,F,Hard,3,Daniil Medvedev,Kei Nishikori,player2,top_10,0.48425180468248663,2.37,2.36,selected,average_proxy,200.0,2.3426,0.004237288135593209,0.398477157360406,1.058883603429278,0.08577464732208062,0.14767677709749338,0.13440827764919316,0.026948316988593683,,True,False,1.0,-1.0,-1.0
2019-01-07,2019-01-08,Auckland,R16,Hard,3,Taylor Fritz,John Isner,player1,top_10,0.4385733378180537,2.37,2.4,selected,average_proxy,200.0,2.3426,-0.012499999999999956,0.39230769230769225,1.0755356995118723,0.04626564551036144,0.03941881062878727,0.027401901172572574,0.007193213618391837,,True,True,1.0,1.37,1.3426
2019-01-14,2019-01-14,Australian Open,R128,Hard,5,Peter Gojowczyk,Karen Khachanov,player1,other,0.1636695901770869,6.5,7.07,selected,average_proxy,200.0,6.39,-0.08062234794908063,0.14586070959264127,1.0547470547470548,0.01780888058444563,0.06385233615106489,0.04584868123158525,0.002902378915957495,,True,False,1.0,-1.0,-1.0
2019-01-14,2019-01-14,Australian Open,R128,Hard,5,John Isner,Reilly Opelka,player1,top_10,0.8483397340956729,1.5,1.46,selected,average_proxy,200.0,1.49,0.027397260273972712,0.6359223300970874,1.0483460559796436,0.21241740399858544,0.2725096011435093,0.2640262038025526,0.13625480057175465,,True,False,1.0,-1.0,-1.0
2019-01-14,2019-01-14,Australian Open,R128,Hard,5,James Duckworth,Rafael Nadal,player2,top_10,0.18999656544792298,11.0,11.64,selected,average_proxy,200.0,10.8,-0.054982817869415834,0.08713692946058092,1.0432900432900432,0.10285963598734206,1.0899622199271528,1.0519629068375684,0.02724905549817882,,True,False,1.0,-1.0,-1.0
2019-01-14,2019-01-15,Australian Open,R128,Hard,5,Kamil Majchrzak,Kei Nishikori,player1,top_10,0.11391873686748452,17.0,15.25,selected,average_proxy,200.0,16.68,0.11475409836065564,0.05660377358490567,1.0392156862745097,0.05731496328257885,0.9366185267472369,0.9001645309496418,0.014634664480425576,,True,False,1.0,-1.0,-1.0
2019-01-14,2019-01-15,Australian Open,R128,Hard,5,Steve Darcis,Borna Coric,player2,other,0.18790901292532403,5.5,5.37,selected,average_proxy,200.0,5.41,0.024208566108007368,0.1716867469879518,1.0590111642743223,0.01622226593737222,0.03349957108928214,0.01658775992600303,0.0018610872827378969,,True,False,1.0,-1.0,-1.0
2019-01-14,2019-01-15,Australian Open,R128,Hard,5,Benoit Paire,Dominic Thiem,player1,top_10,0.4295688741376467,3.75,3.68,selected,average_proxy,200.0,3.695,0.01902173913043481,0.25447316103379725,1.0479166666666666,0.17509571310384947,0.610883278016175,0.5872569899386044,0.05553484345601591,,True,False,1.0,-1.0,-1.0
2019-01-14,2019-01-16,Australian Open,R64,Hard,5,John Millman,Roberto Bautista Agut,player1,other,0.3184295318818628,3.4,3.46,selected,average_proxy,200.0,3.352,-0.017341040462427793,0.28118393234672306,1.0459973463069439,0.03724559953513973,0.08266040839833355,0.06737579086800405,0.008610459208159746,,True,False,1.0,-1.0,-1.0
2019-01-14,2019-01-16,Australian Open,R64,Hard,5,Matthew Ebden,Rafael Nadal,player2,top_10,0.13796707892551496,10.0,9.92,selected,average_proxy,200.0,9.82,0.008064516129032251,0.09584086799276674,1.0433962264150942,0.04212621093274822,0.37967078925514963,0.35483671504855696,0.010546410812643046,,True,False,1.0,-1.0,-1.0
2019-01-14,2019-01-17,Australian Open,R64,Hard,5,Novak Djokovic,Jo-Wilfried Tsonga,player1,top_10,0.9729929802649622,1.06,1.06,selected,average_proxy,200.0,1.0588,0.0,0.9041591320072333,1.0433962264150942,0.06883384825772887,0.03137255908085995,0.030204967504541907,0.13071899617024968,,True,True,1.0,0.06000000000000005,0.05879999999999996
2019-01-14,2019-01-18,Australian Open,R32,Hard,5,Marin Cilic,Fernando Verdasco,player2,top_10,0.8350135629859144,1.28,1.3,selected,average_proxy,200.0,1.2744,-0.015384615384615441,0.7455268389662029,1.0479166666666666,0.08948672401971158,0.06881736062197052,0.06414128466924934,0.06144407198390225,,True,True,1.0,0.28,0.2744
2019-01-14,2019-01-18,Australian Open,R32,Hard,5,Diego Schwartzman,Tomas Berdych,player1,other,0.26805908344666063,4.0,4.04,selected,average_proxy,200.0,3.94,-0.00990099009900991,0.23809523809523808,1.05,0.029963845351422547,0.07223633378664251,0.056152788779842866,0.00601969448222021,,True,False,1.0,-1.0,-1.0
2019-01-14,2019-01-19,Australian Open,R32,Hard,5,Alex Bolt,Alexander Zverev,player1,top_10,0.16019264211983092,13.0,10.63,selected,average_proxy,200.0,12.76,0.22295390404515514,0.07407407407407408,1.0384615384615383,0.08611856804575684,1.082504347557802,1.0440581134490425,0.022552173907454207,,True,False,1.0,-1.0,-1.0
2019-01-14,2019-01-20,Australian Open,R16,Hard,5,Marin Cilic,Roberto Bautista Agut,player1,top_10,0.6941862121697782,1.72,1.72,selected,average_proxy,200.0,1.7056,0.0,0.549738219895288,1.0575858250276855,0.14444799227449012,0.19400028493201843,0.18400400347677365,0.06736121004583974,,True,False,1.0,-1.0,-1.0
2019-01-14,2019-01-20,Australian Open,R16,Hard,5,Roger Federer,Stefanos Tsitsipas,player1,top_10,0.9161042935423591,1.14,1.16,selected,average_proxy,200.0,1.1372,-0.017241379310344862,0.8283132530120482,1.0590111642743223,0.08779104053031095,0.04435889463828929,0.04179380261637078,0.07921231185408807,,True,False,1.0,-1.0,-1.0
2019-01-14,2019-01-21,Australian Open,R16,Hard,5,Daniil Medvedev,Novak Djokovic,player1,top_10,0.18114389797279581,6.5,6.4,selected,average_proxy,200.0,6.39,0.015625,0.14586070959264127,1.0547470547470548,0.03528318838015454,0.1774353368231728,0.15750950804616526,0.008065242582871491,,True,False,1.0,-1.0,-1.0
2019-01-14,2019-01-21,Australian Open,R16,Hard,5,Milos Raonic,Alexander Zverev,player1,top_10,0.5785022523701722,2.2,2.13,selected,average_proxy,200.0,2.176,0.032863849765258246,0.43005181347150256,1.0569550930996714,0.1484504388986696,0.2727049552143789,0.2588209011574947,0.05681353233632892,,True,True,1.0,1.2000000000000002,1.1760000000000002
2019-01-14,2019-01-24,Australian Open,SF,Hard,5,Rafael Nadal,Stefanos Tsitsipas,player2,top_10,0.935165203896558,1.16,1.18,selected,average_proxy,200.0,1.1567999999999998,-0.016949152542372947,0.8116883116883117,1.0620689655172415,0.12347689220824631,0.08479163652000721,0.08179910786753813,0.13248693206251133,,True,True,1.0,0.15999999999999992,0.15679999999999983
2019-01-14,2019-01-25,Australian Open,SF,Hard,5,Lucas Pouille,Novak Djokovic,player2,top_10,0.11229437203288417,11.0,10.45,selected,average_proxy,200.0,10.8,0.052631578947368585,0.08713692946058092,1.0432900432900432,0.02515744257230325,0.23523809236172588,0.2127792179551491,0.005880952309043147,,True,False,1.0,-1.0,-1.0
2019-01-14,2019-01-27,Australian Open,F,Hard,5,Novak Djokovic,Rafael Nadal,player2,top_10,0.6289621303312996,1.74,1.75,selected,average_proxy,200.0,1.7252,-0.005714285714285672,0.5526992287917738,1.0398289227479283,0.07626290153952575,0.0943941067764612,0.08508546724755806,0.031889900937993654,,True,True,1.0,0.74,0.7252000000000001
2019-02-04,2019-02-07,Cordoba,R16,Clay,3,Alessandro Giannessi,Diego Schwartzman,player1,other,0.1459501078774676,8.0,7.99,selected,average_proxy,200.0,7.859999999999999,0.0012515644555695093,0.11894273127753305,1.0509259259259258,0.027007376599934546,0.16760086301974075,0.1471678479168952,0.005985745107847884,,True,False,1.0,-1.0,-1.0
2019-02-11,2019-02-13,Rotterdam,R32,Hard,3,Thomas Fabbiano,Jo-Wilfried Tsonga,player2,other,0.21486468491777155,5.5,6.2,selected,average_proxy,200.0,5.41,-0.11290322580645162,0.1716867469879518,1.0590111642743223,0.04317793792981975,0.18175576704774354,0.1624179454051441,0.01009754261376353,,True,False,1.0,-1.0,-1.0
2019-02-11,2019-02-14,New York,R16,Hard,3,John Isner,Bernard Tomic,player1,top_10,0.8811101998322786,1.4,1.37,selected,average_proxy,200.0,1.392,0.021897810218977964,0.6626506024096386,1.077922077922078,0.21845959742263998,0.2335542797651899,0.2265053981665317,0.14597142485324371,,True,True,1.0,0.3999999999999999,0.3919999999999999
2019-02-11,2019-02-14,Buenos Aires,R16,Clay,3,Maximilian Marterer,Dominic Thiem,player1,top_10,0.2495758246734304,4.5,4.87,selected,average_proxy,200.0,4.43,-0.07597535934291588,0.2077464788732394,1.0696798493408664,0.04182934580019099,0.12309121103043685,0.10562090330329665,0.008792229359316919,,True,False,1.0,-1.0,-1.0
2019-02-11,2019-02-15,Rotterdam,QF,Hard,3,Damir Dzumhur,Gael Monfils,player2,other,0.2576282323974606,4.33,4.25,selected,average_proxy,200.0,4.2634,0.018823529411764683,0.2198198198198198,1.0506190133646311,0.03780841257764078,0.11553024628100428,0.0983722060033334,0.008673441912988309,,True,False,1.0,-1.0,-1.0
2019-02-11,2019-02-15,Rotterdam,QF,Hard,3,Marton Fucsovics,Kei Nishikori,player2,top_10,0.24699259877993918,4.5,4.58,selected,average_proxy,200.0,4.43,-0.017467248908296984,0.21052631578947367,1.0555555555555556,0.036466282990465504,0.11146669450972635,0.09417721259513046,0.007961906750694739,,True,False,1.0,-1.0,-1.0
2019-02-11,2019-02-15,Buenos Aires,QF,Clay,3,Pablo Cuevas,Dominic Thiem,player2,top_10,0.32989763733248634,3.5,3.62,selected,average_proxy,200.0,3.45,-0.03314917127071826,0.27083333333333337,1.0549450549450547,0.05906430399915297,0.15464173066370213,0.13814684879707795,0.015464173066370213,,True,False,1.0,-1.0,-1.0
2019-02-11,2019-02-16,Rotterdam,SF,Hard,3,Stan Wawrinka,Kei Nishikori,player1,top_10,0.43615303001222994,2.5,2.48,selected,average_proxy,200.0,2.4699999999999998,0.008064516129032251,0.3796526054590571,1.05359477124183,0.056500424553172834,0.09038257503057479,0.07729798413020783,0.015063762505095798,,True,True,1.0,1.5,1.4699999999999998
2019-02-11,2019-02-16,New York,QF,Hard,3,Jordan Thompson,John Isner,player1,top_10,0.41312378456061927,3.4,3.52,selected,average_proxy,200.0,3.352,-0.03409090909090917,0.28118393234672306,1.0459973463069439,0.1319398522138962,0.4046208675061055,0.38479092584719576,0.04214800703188599,,True,False,1.0,-1.0,-1.0
2019-02-11,2019-02-16,Buenos Aires,SF,Clay,3,Dominic Thiem,Diego Schwartzman,player1,top_10,0.8028950454710537,1.4,1.42,selected,average_proxy,200.0,1.392,-0.014084507042253502,0.6818181818181818,1.0476190476190477,0.12107686365287196,0.12405306365947516,0.11762990329570672,0.077533164787172,,True,False,1.0,-1.0,-1.0
2019-02-18,2019-02-20,Delray Beach,R32,Hard,3,Juan Martin del Potro,Yoshihito Nishioka,player1,top_10,0.8327394094809718,1.25,1.32,selected,average_proxy,200.0,1.245,-0.053030303030303094,0.75,1.0666666666666667,0.0827394094809718,0.040924261851214755,0.036760564803809986,0.040924261851214755,,True,True,1.0,0.25,0.2450000000000001
2019-02-18,2019-02-20,Delray Beach,R16,Hard,3,John Isner,Lukas Lacko,player1,top_10,0.9439857054403364,1.11,1.12,selected,average_proxy,200.0,1.1078000000000001,-0.008928571428571397,0.8541392904073586,1.0547470547470548,0.08984641503297786,0.047824133038773545,0.04574736448680482,0.10869121145175796,,True,True,1.0,0.1100000000000001,0.10780000000000012
2019-02-18,2019-02-22,Delray Beach,R16,Hard,3,Juan Martin del Potro,Reilly Opelka,player2,top_10,0.6929307664478245,1.5,1.51,selected,average_proxy,200.0,1.49,-0.0066225165562914245,0.625,1.0666666666666667,0.06793076644782448,0.03939614967173671,0.03246684200725847,0.019698074835868357,,True,True,1.0,0.5,0.49
2019-02-18,2019-02-22,Delray Beach,QF,Hard,3,Adrian Mannarino,John Isner,player1,top_10,0.2461217869860295,4.33,4.1,selected,average_proxy,200.0,4.2634,0.056097560975609806,0.2198198198198198,1.0506190133646311,0.026301967166209694,0.06570733764950776,0.04931562663623812,0.004932983307020102,,True,False,1.0,-1.0,-1.0
2019-02-18,2019-02-23,Delray Beach,SF,Hard,3,John Isner,Daniel Evans,player1,top_10,0.7425777000493743,1.44,1.42,selected,average_proxy,200.0,1.4312,0.014084507042253502,0.6563245823389022,1.058080808080808,0.08625311771047206,0.06931188807109895,0.06277720431066452,0.03938175458585168,,True,False,1.0,-1.0,-1.0
2019-02-25,2019-02-25,Dubai,R32,Hard,3,Roger Federer,Philipp Kohlschreiber,player2,top_10,0.98,1.1,1.11,selected,average_proxy,200.0,1.098,-0.009009009009009028,0.8641975308641975,1.051948051948052,0.1158024691358025,0.07800000000000007,0.07604000000000007,0.195,,True,True,1.0,0.10000000000000009,0.09800000000000009
2019-02-25,2019-02-26,Dubai,R32,Hard,3,Marin Cilic,Gael Monfils,player2,top_10,0.6920903471009866,1.8,1.93,selected,average_proxy,200.0,1.784,-0.06735751295336778,0.5135135135135135,1.0818713450292399,0.17857683358747312,0.2457626247817759,0.23468917922816013,0.07680082024430497,,True,False,1.0,-1.0,-1.0
2019-02-25,2019-02-26,Dubai,R32,Hard,3,Benoit Paire,Kei Nishikori,player2,top_10,0.27399654591581035,4.5,4.82,selected,average_proxy,200.0,4.43,-0.06639004149377603,0.2077464788732394,1.0696798493408664,0.06625006704257094,0.23298445662114664,0.21380469840703975,0.016641746901510473,,True,False,1.0,-1.0,-1.0
2019-02-25,2019-02-27,Dubai,R16,Hard,3,Egor Gerasimov,Stefanos Tsitsipas,player2,other,0.2438948819351482,4.33,4.3,selected,average_proxy,200.0,4.2634,0.006976744186046657,0.21699819168173598,1.0642802155504234,0.02689669025341221,0.05606483877919166,0.039821439642310774,0.004209071980419794,,True,False,1.0,-1.0,-1.0
2019-02-25,2019-02-27,Acapulco,R32,Hard,3,Mischa Zverev,Rafael Nadal,player2,top_10,0.10486504171222344,11.0,10.09,selected,average_proxy,200.0,10.8,0.09018830525272548,0.08713692946058092,1.0432900432900432,0.017728112251642517,0.15351545883445783,0.1325424504920132,0.0038378864708614457,,True,False,1.0,-1.0,-1.0
2019-02-25,2019-02-27,Acapulco,R16,Hard,3,Peter Gojowczyk,John Millman,player1,other,0.375125272940085,2.75,2.79,selected,average_proxy,200.0,2.715,-0.014336917562724039,0.3373493975903614,1.077922077922078,0.0377758753497236,0.03159450058523383,0.01846511603233081,0.004513500083604833,,True,False,1.0,-1.0,-1.0
2019-02-25,2019-02-28,Dubai,QF,Hard,3,Marton Fucsovics,Roger Federer,player1,top_10,0.28555799824829053,5.0,5.05,selected,average_proxy,200.0,4.92,-0.00990099009900991,0.1883116883116883,1.0620689655172415,0.09724630993660224,0.42778999124145267,0.4049453513815895,0.026736874452590792,,True,False,1.0,-1.0,-1.0
2019-02-25,2019-02-28,Acapulco,R16,Hard,3,David Ferrer,Alexander Zverev,player2,top_10,0.24293097192641577,5.0,4.89,selected,average_proxy,200.0,4.92,0.02249488752556239,0.1883116883116883,1.0620689655172415,0.05461928361472748,0.21465485963207886,0.19522038187796553,0.013415928727004929,,True,False,1.0,-1.0,-1.0
2019-02-25,2019-02-28,Acapulco,R16,Hard,3,Steve Johnson,Stan Wawrinka,player1,other,0.28724559953513973,3.75,3.65,selected,average_proxy,200.0,3.695,0.027397260273972712,0.25,1.0666666666666667,0.03724559953513973,0.07717099825677398,0.06137249028234126,0.007015545296070362,,True,False,1.0,-1.0,-1.0
2019-02-25,2019-03-01,Sao Paulo,QF,Clay,3,Marco Trungelliti,Guido Pella,player1,other,0.23394509925715992,4.5,4.62,selected,average_proxy,200.0,4.43,-0.025974025974025983,0.21052631578947367,1.0555555555555556,0.02341878346768625,0.052752946657219635,0.036376789709218316,0.003768067618372831,,True,False,1.0,-1.0,-1.0
2019-02-25,2019-03-01,Acapulco,QF,Hard,3,John Millman,John Isner,player1,top_10,0.46283717039383304,2.3,2.28,selected,average_proxy,200.0,2.274,0.00877192982456143,0.411764705882353,1.0559006211180124,0.051072464511480065,0.06452549190581591,0.052491725475576345,0.012408748443426139,,True,False,1.0,-1.0,-1.0
2019-02-25,2019-03-02,Dubai,F,Hard,3,Roger Federer,Stefanos Tsitsipas,player1,top_10,0.933101929334694,1.28,1.32,selected,average_proxy,200.0,1.2744,-0.030303030303030276,0.7455268389662029,1.0479166666666666,0.18757509036849118,0.19437046954840842,0.1891450987441341,0.1735450620967932,,True,True,1.0,0.28,0.2744
2019-02-25,2019-03-02,Acapulco,SF,Hard,3,Cameron Norrie,Alexander Zverev,player2,top_10,0.280874111517174,5.0,5.09,selected,average_proxy,200.0,4.92,-0.017681728880157177,0.1883116883116883,1.0620689655172415,0.09256242320548572,0.40437055758587004,0.38190062866449614,0.025273159849116877,,True,False,1.0,-1.0,-1.0
2019-02-25,2019-03-02,Acapulco,SF,Hard,3,Nick Kyrgios,John Isner,player2,top_10,0.6137664344440832,1.72,1.74,selected,average_proxy,200.0,1.7056,-0.011494252873563204,0.549738219895288,1.0575858250276855,0.06402821454879515,0.055678267243823076,0.04684003058782826,0.019332731681883014,,True,True,1.0,0.72,0.7056
2019-03-04,2019-03-09,Indian Wells Masters,R64,Hard,4,Felix Auger Aliassime,Stefanos Tsitsipas,player1,top_10,0.4138869612951542,3.0,3.03,selected,average_proxy,200.0,2.96,-0.009900990099009799,0.3119266055045871,1.0686274509803921,0.10196035579056706,0.24166088388546247,0.2251054054336563,0.03020761048568281,,True,True,1.0,2.0,1.96
2019-03-04,2019-03-10,Indian Wells Masters,R64,Hard,4,Mackenzie Mcdonald,Daniil Medvedev,player1,other,0.28724559953513973,3.75,3.94,selected,average_proxy,200.0,3.695,-0.048223350253807085,0.25,1.0666666666666667,0.03724559953513973,0.07717099825677398,0.06137249028234126,0.007015545296070362,,True,False,1.0,-1.0,-1.0
2019-03-04,2019-03-10,Indian Wells Masters,R64,Hard,4,Nicolas Jarry,Kyle Edmund,player1,other,0.3144809930787147,3.4,3.43,selected,average_proxy,200.0,3.352,-0.008746355685131268,0.2765957446808511,1.0633484162895928,0.03788524839786361,0.0692353764676299,0.054140288799851555,0.007212018382044781,,True,False,1.0,-1.0,-1.0
2019-03-04,2019-03-10,Indian Wells Masters,R64,Hard,4,Martin Klizan,Alexander Zverev,player2,top_10,0.23087932000286115,5.5,6.12,selected,average_proxy,200.0,5.41,-0.10130718954248363,0.1716867469879518,1.0590111642743223,0.05919257301490935,0.26983626001573646,0.24905712121547885,0.014990903334207582,,True,False,1.0,-1.0,-1.0
2019-03-04,2019-03-10,Indian Wells Masters,R64,Hard,4,Jordan Thompson,Dominic Thiem,player1,top_10,0.39411499336007094,3.25,3.36,selected,average_proxy,200.0,3.205,-0.03273809523809523,0.2903930131004367,1.059572006940428,0.10372198025963425,0.2808737284202305,0.2631385537190274,0.031208192046692278,,True,False,1.0,-1.0,-1.0
2019-03-04,2019-03-11,Indian Wells Masters,R32,Hard,4,Jan Lennard Struff,Alexander Zverev,player2,top_10,0.2797877163503044,5.0,4.94,selected,average_proxy,200.0,4.92,0.012145748987854255,0.1883116883116883,1.0620689655172415,0.09147602803861613,0.3989385817515221,0.3765555644434977,0.02493366135947013,,True,True,1.0,4.0,3.92
2019-03-04,2019-03-11,Indian Wells Masters,R32,Hard,4,Gilles Simon,Dominic Thiem,player1,top_10,0.44112546103821204,3.0,2.97,selected,average_proxy,200.0,2.96,0.010101010101009944,0.3181818181818181,1.0476190476190477,0.12294364285639392,0.3233763831146361,0.3057313646731076,0.040422047889329515,,True,False,1.0,-1.0,-1.0
2019-03-04,2019-03-12,Indian Wells Masters,R32,Hard,4,John Isner,Guido Pella,player2,top_10,0.8583662356932734,1.22,1.24,selected,average_proxy,200.0,1.2156,-0.016129032258064502,0.7801801801801801,1.0506190133646311,0.07818605551309332,0.04720680754579354,0.04342999610874318,0.0536440994838563,,True,True,1.0,0.21999999999999997,0.2156
2019-03-04,2019-03-12,Indian Wells Masters,R32,Hard,4,Hubert Hurkacz,Kei Nishikori,player1,top_10,0.357941780566305,3.2,3.38,selected,average_proxy,200.0,3.156,-0.053254437869822424,0.2982456140350877,1.0477941176470589,0.05969616653121729,0.14541369781217606,0.12966425946725857,0.016524283842292733,,True,True,1.0,2.2,2.156
2019-03-04,2019-03-13,Indian Wells Masters,R16,Hard,4,John Isner,Karen Khachanov,player1,top_10,0.6994637459300199,1.61,1.64,selected,average_proxy,200.0,1.5978,-0.018292682926829174,0.588235294117647,1.0559006211180124,0.11122845181237295,0.12613663094733213,0.11760317324698588,0.05169534055218529,,True,False,1.0,-1.0,-1.0
2019-03-04,2019-03-13,Indian Wells Masters,R16,Hard,4,Kyle Edmund,Roger Federer,player1,top_10,0.3454906144828118,4.5,4.52,selected,average_proxy,200.0,4.43,-0.004424778761061843,0.21052631578947367,1.0555555555555556,0.13496429869333815,0.5547077651726531,0.5305234221588562,0.03962198322661808,,True,False,1.0,-1.0,-1.0
2019-03-04,2019-03-14,Indian Wells Masters,R16,Hard,4,Ivo Karlovic,Dominic Thiem,player1,top_10,0.40213604512562073,3.5,3.43,selected,average_proxy,200.0,3.45,0.020408163265306145,0.27083333333333337,1.0549450549450547,0.13130271179228736,0.4074761579396725,0.3873693556833916,0.040747615793967254,,True,False,1.0,-1.0,-1.0
2019-03-04,2019-03-16,Indian Wells Masters,SF,Hard,4,Dominic Thiem,Milos Raonic,player1,top_10,0.4376037219198967,2.37,2.37,selected,average_proxy,200.0,2.3426,0.0,0.398477157360406,1.058883603429278,0.039126564559490706,0.03712082095015523,0.025130478969550007,0.006773872436159714,,True,True,1.0,1.37,1.3426
2019-03-04,2019-03-17,Indian Wells Masters,F,Hard,4,Dominic Thiem,Roger Federer,player1,top_10,0.26739366520470675,4.0,3.98,selected,average_proxy,200.0,3.94,0.005025125628140614,0.23809523809523808,1.05,0.029298427109468672,0.06957466081882702,0.05353104090654459,0.005797888401568918,,True,True,1.0,3.0,2.94
2019-03-18,2019-03-22,Miami Masters,R64,Hard,4,Kei Nishikori,Dusan Lajovic,player1,top_10,0.8891150459083326,1.18,1.16,selected,average_proxy,200.0,1.1764,0.01724137931034475,0.7922535211267606,1.0696798493408664,0.09686152478157195,0.04915575417183238,0.045954940006562334,0.06827188079421166,,True,False,1.0,-1.0,-1.0
2019-03-18,2019-03-22,Miami Masters,R64,Hard,4,Mischa Zverev,Nikoloz Basilashvili,player1,other,0.31449569509939257,3.75,3.7,selected,average_proxy,200.0,3.695,0.013513513513513375,0.25,1.0666666666666667,0.06449569509939257,0.1793588566227221,0.16206159339225545,0.016305350602065647,,True,False,1.0,-1.0,-1.0
2019-03-18,2019-03-22,Miami Masters,R64,Hard,4,Hubert Hurkacz,Dominic Thiem,player1,top_10,0.405774556015049,3.0,3.18,selected,average_proxy,200.0,2.96,-0.05660377358490576,0.3119266055045871,1.0686274509803921,0.09384795051046191,0.21732366804514702,0.2010926858045451,0.027165458505643378,,True,True,1.0,2.0,1.96
2019-03-18,2019-03-22,Miami Masters,R64,Hard,4,Ilya Ivashka,Kyle Edmund,player1,other,0.23116526234092566,4.5,4.6,selected,average_proxy,200.0,4.43,-0.021739130434782483,0.2077464788732394,1.0696798493408664,0.02341878346768625,0.040243680534165494,0.02406211217030063,0.0028745486095832495,,True,False,1.0,-1.0,-1.0
2019-03-18,2019-03-23,Miami Masters,R64,Hard,4,Mackenzie Mcdonald,Stefanos Tsitsipas,player1,top_10,0.38526546252355826,3.75,3.84,selected,average_proxy,200.0,3.695,-0.0234375,0.25,1.0666666666666667,0.13526546252355826,0.4447454844633436,0.4235558840245477,0.040431407678485784,,True,False,1.0,-1.0,-1.0
2019-03-18,2019-03-24,Miami Masters,R64,Hard,4,David Ferrer,Alexander Zverev,player2,top_10,0.2976327022911728,4.0,4.05,selected,average_proxy,200.0,3.94,-0.012345679012345623,0.23371647509578544,1.069672131147541,0.06391622719538734,0.19053080916469112,0.17267284702722074,0.015877567430390926,,True,True,1.0,3.0,2.94
2019-03-18,2019-03-25,Miami Masters,R32,Hard,4,Kevin Anderson,Joao Sousa,player2,top_10,0.6923244947344314,1.53,1.52,selected,average_proxy,200.0,1.5194,0.006578947368421018,0.6203473945409429,1.05359477124183,0.07197710019348846,0.059256476943680025,0.05191783729949506,0.027951168369660388,,True,True,1.0,0.53,0.5194000000000001
2019-03-18,2019-03-26,Miami Masters,R32,Hard,4,Leonardo Mayer,Stefanos Tsitsipas,player1,top_10,0.36334798641525134,4.0,3.84,selected,average_proxy,200.0,3.94,0.04166666666666674,0.23809523809523808,1.05,0.12525274832001326,0.4533919456610054,0.43159106647609025,0.03778266213841711,,True,False,1.0,-1.0,-1.0
2019-03-18,2019-03-26,Miami Masters,R16,Hard,4,Kevin Anderson,Jordan Thompson,player1,top_10,0.8053040158369336,1.4,1.42,selected,average_proxy,200.0,1.392,-0.014084507042253502,0.6818181818181818,1.0476190476190477,0.1234858340187518,0.12742562217170694,0.12098319004501146,0.07964101385731685,,True,True,1.0,0.3999999999999999,0.3919999999999999
2019-03-18,2019-03-26,Miami Masters,R16,Hard,4,John Isner,Kyle Edmund,player2,top_10,0.6770387579276788,1.9,1.85,selected,average_proxy,200.0,1.882,0.027027027027026973,0.5,1.0526315789473684,0.17703875792767876,0.2863736400625896,0.2741869424198914,0.07954823335071934,,True,True,1.0,0.8999999999999999,0.8819999999999999
2019-03-18,2019-03-26,Miami Masters,R16,Hard,4,Novak Djokovic,Roberto Bautista Agut,player1,top_10,0.8611461663447785,1.2,1.19,selected,average_proxy,200.0,1.196,0.008403361344537785,0.7894736842105263,1.0555555555555556,0.07167248213425215,0.03337539961373412,0.029930814948355006,0.041719249517167656,,True,False,1.0,-1.0,-1.0
2019-03-18,2019-03-27,Miami Masters,R16,Hard,4,Denis Shapovalov,Stefanos Tsitsipas,player1,top_10,0.544354466611205,2.2,2.2,selected,average_proxy,200.0,2.176,0.0,0.43005181347150256,1.0569550930996714,0.11430265313970245,0.19757982654465112,0.1845153193459822,0.04116246386346897,,True,True,1.0,1.2000000000000002,1.1760000000000002
2019-03-18,2019-03-27,Miami Masters,R16,Hard,4,Daniil Medvedev,Roger Federer,player1,top_10,0.3838752477991174,3.5,3.52,selected,average_proxy,200.0,3.45,-0.005681818181818232,0.27083333333333337,1.0549450549450547,0.11304191446578404,0.34356336729691095,0.3243696049069551,0.034356336729691093,,True,False,1.0,-1.0,-1.0
2019-03-18,2019-03-29,Miami Masters,QF,Hard,4,Kevin Anderson,Roger Federer,player1,top_10,0.32922292354572524,5.0,4.86,selected,average_proxy,200.0,4.92,0.028806584362139898,0.1883116883116883,1.0620689655172415,0.14091123523403695,0.6461146177286262,0.6197767838449683,0.04038216360803914,,True,False,1.0,-1.0,-1.0
2019-03-18,2019-03-29,Miami Masters,SF,Hard,4,Roger Federer,Denis Shapovalov,player1,top_10,0.9400480654224102,1.2,1.2,selected,average_proxy,200.0,1.196,0.0,0.7894736842105263,1.0555555555555556,0.15057438121188382,0.12805767850689215,0.12429748624520248,0.16007209813361523,,True,True,1.0,0.19999999999999996,0.19599999999999995
2019-04-08,2019-04-09,Marrakech,R32,Clay,3,Denis Istomin,Alexander Zverev,player2,top_10,0.18919042027661503,6.0,7.0,selected,average_proxy,200.0,5.9,-0.1428571428571429,0.15730337078651685,1.0595238095238095,0.031887049490098185,0.1351425216596902,0.11622347963202873,0.00675712608298451,,True,False,1.0,-1.0,-1.0
2019-04-08,2019-04-11,Marrakech,R16,Clay,3,Alexander Zverev,Jaume Munar,player2,top_10,0.8433427235808576,1.25,1.24,selected,average_proxy,200.0,1.245,0.008064516129032251,0.75,1.0666666666666667,0.0933427235808576,0.054178404476072,0.04996169085816779,0.054178404476072,,True,False,1.0,-1.0,-1.0
2019-04-15,2019-04-17,Monte Carlo Masters,R32,Clay,4,Dominic Thiem,Martin Klizan,player2,top_10,0.8694876899604718,1.2,1.22,selected,average_proxy,200.0,1.196,-0.016393442622950838,0.783001808318264,1.0642802155504234,0.08648588164220772,0.04338522795256608,0.03990727719272419,0.054231534940707614,,True,True,1.0,0.19999999999999996,0.19599999999999995
2019-04-15,2019-04-17,Monte Carlo Masters,R32,Clay,4,Mikhail Kukushkin,Stefanos Tsitsipas,player1,top_10,0.40072676382704964,3.75,4.06,selected,average_proxy,200.0,3.695,-0.07635467980295563,0.25,1.0666666666666667,0.15072676382704964,0.5027253643514361,0.4806853923409483,0.045702305850130555,,True,False,1.0,-1.0,-1.0
2019-04-15,2019-04-18,Monte Carlo Masters,R16,Clay,4,Alexander Zverev,Fabio Fognini,player2,top_10,0.8520965770577356,1.25,1.25,selected,average_proxy,200.0,1.245,0.0,0.7619047619047619,1.05,0.0901918151529737,0.06512072132216945,0.060860238436880876,0.06512072132216945,,True,False,1.0,-1.0,-1.0
2019-04-15,2019-04-18,Monte Carlo Masters,R16,Clay,4,Dominic Thiem,Dusan Lajovic,player2,top_10,0.9333080320045543,1.16,1.17,selected,average_proxy,200.0,1.1567999999999998,-0.008547008547008517,0.8116883116883117,1.0620689655172415,0.12161972031624257,0.08263731712528286,0.07965073142286822,0.12912080800825454,,True,False,1.0,-1.0,-1.0
2019-04-15,2019-04-18,Monte Carlo Masters,R16,Clay,4,Stefanos Tsitsipas,Daniil Medvedev,player1,top_10,0.687716290047987,1.72,1.76,selected,average_proxy,200.0,1.7056,-0.022727272727272707,0.549738219895288,1.0575858250276855,0.13797807015269892,0.18287201888253757,0.17296890430584655,0.06349722877865888,,True,False,1.0,-1.0,-1.0
2019-04-15,2019-04-19,Monte Carlo Masters,QF,Clay,4,Guido Pella,Rafael Nadal,player2,top_10,0.09393788241392298,17.0,15.87,selected,average_proxy,200.0,16.68,0.07120352867044755,0.05660377358490567,1.0392156862745097,0.03733410882901731,0.5969440010366907,0.5668838786642352,0.009327250016198291,,True,False,1.0,-1.0,-1.0
2019-04-22,2019-04-23,Barcelona,R32,Clay,3,Dominic Thiem,Diego Schwartzman,player1,top_10,0.8487432959728847,1.3,1.3,selected,average_proxy,200.0,1.294,0.0,0.7234042553191489,1.0633484162895928,0.1253390406537358,0.10336628476475013,0.0982738249889128,0.08613857063729176,,True,True,1.0,0.30000000000000004,0.29400000000000004
2019-04-22,2019-04-23,Barcelona,R32,Clay,3,Stefanos Tsitsipas,Marton Fucsovics,player1,top_10,0.8187738278801522,1.3,1.32,selected,average_proxy,200.0,1.294,-0.015151515151515138,0.7234042553191489,1.0633484162895928,0.09536957256100331,0.06440597624419789,0.05949333327691694,0.0536716468701649,,True,True,1.0,0.30000000000000004,0.29400000000000004
2019-04-22,2019-04-25,Barcelona,R16,Clay,3,Felix Auger Aliassime,Kei Nishikori,player1,top_10,0.4662545576587013,2.3,2.25,selected,average_proxy,200.0,2.274,0.022222222222222143,0.411764705882353,1.0559006211180124,0.0544898517763483,0.07238548261501287,0.06026286411588666,0.01392028511827171,,True,False,1.0,-1.0,-1.0
2019-04-22,2019-04-25,Barcelona,R16,Clay,3,Jan Lennard Struff,Stefanos Tsitsipas,player1,top_10,0.3984309629892396,3.75,3.73,selected,average_proxy,200.0,3.695,0.00536193029490617,0.25447316103379725,1.0479166666666666,0.14395780195544233,0.4941161112096484,0.47220240824524007,0.0449196464736044,,True,True,1.0,2.75,2.695
2019-04-22,2019-04-25,Barcelona,R16,Clay,3,David Ferrer,Rafael Nadal,player2,top_10,0.19441887890161968,5.5,5.59,selected,average_proxy,200.0,5.41,-0.01610017889087656,0.1716867469879518,1.0590111642743223,0.02273213191366788,0.06930383395890827,0.05180613485776253,0.003850212997717126,,True,False,1.0,-1.0,-1.0
2019-04-22,2019-04-26,Barcelona,QF,Clay,3,Kei Nishikori,Roberto Carballes Baena,player1,top_10,0.8764007390558989,1.22,1.27,selected,average_proxy,200.0,1.2156,-0.03937007874015752,0.7801801801801801,1.0506190133646311,0.09622055887571879,0.06920890164819662,0.0653527383963507,0.07864647914567799,,True,True,1.0,0.21999999999999997,0.2156
2019-04-22,2019-04-26,Barcelona,QF,Clay,3,Jan Lennard Struff,Rafael Nadal,player1,top_10,0.18523825740318395,10.0,9.4,selected,average_proxy,200.0,9.82,0.06382978723404253,0.09584086799276674,1.0433962264150942,0.08939738941041721,0.8523825740318394,0.8190396876992663,0.02367729372310665,,True,False,1.0,-1.0,-1.0
2019-04-22,2019-04-28,Barcelona,F,Clay,3,Dominic Thiem,Daniil Medvedev,player1,top_10,0.9064614817873049,1.28,1.29,selected,average_proxy,200.0,1.2744,-0.007751937984496138,0.7455268389662029,1.0479166666666666,0.16093464282110204,0.1602706966877503,0.15519451238974136,0.14309883632834847,,True,True,1.0,0.28,0.2744
2019-04-29,2019-05-01,Estoril,R16,Clay,3,Guido Andreozzi,Stefanos Tsitsipas,player1,top_10,0.23902792955957963,4.5,4.97,selected,average_proxy,200.0,4.43,-0.09456740442655931,0.2077464788732394,1.0696798493408664,0.03128145068634022,0.07562568301810835,0.05889372794893766,0.005401834501293453,,True,False,1.0,-1.0,-1.0
2019-04-29,2019-05-02,Munich,R16,Clay,3,Taro Daniel,Guido Pella,player2,other,0.24501049925836804,4.5,4.82,selected,average_proxy,200.0,4.43,-0.06639004149377603,0.2077464788732394,1.0696798493408664,0.03726402038512863,0.10254724666265613,0.08539651171457041,0.0073248033330468665,,True,False,1.0,-1.0,-1.0
2019-04-29,2019-05-04,Estoril,SF,Clay,3,Stefanos Tsitsipas,David Goffin,player1,top_10,0.7909412523065422,1.53,1.52,selected,average_proxy,200.0,1.5194,0.006578947368421018,0.6203473945409429,1.05359477124183,0.17059385776559932,0.21014011602900962,0.20175613875456033,0.09912269624009887,,True,True,1.0,0.53,0.5194000000000001
2019-05-06,2019-05-07,Madrid Masters,R32,Clay,4,Reilly Opelka,Dominic Thiem,player2,top_10,0.2925881497575151,6.0,5.88,selected,average_proxy,200.0,5.9,0.020408163265306145,0.15730337078651685,1.0595238095238095,0.13528477897099828,0.7555288985450908,0.7262700835693394,0.037776444927254536,,True,False,1.0,-1.0,-1.0
2019-05-06,2019-05-07,Madrid Masters,R32,Clay,4,Roger Federer,Richard Gasquet,player2,top_10,0.98,1.1,1.1,selected,average_proxy,200.0,1.098,0.0,0.8641975308641975,1.051948051948052,0.1158024691358025,0.07800000000000007,0.07604000000000007,0.195,,True,True,1.0,0.10000000000000009,0.09800000000000009
2019-05-06,2019-05-08,Madrid Masters,R32,Clay,4,Felix Auger Aliassime,Rafael Nadal,player2,top_10,0.2270892493362614,5.5,5.29,selected,average_proxy,200.0,5.41,0.03969754253308122,0.1716867469879518,1.0590111642743223,0.055402502348309596,0.24899087134943765,0.2285528389091741,0.01383282618607987,,True,False,1.0,-1.0,-1.0
2019-05-06,2019-05-08,Madrid Masters,R32,Clay,4,Hugo Dellien,Kei Nishikori,player1,top_10,0.2638053622564897,6.0,5.78,selected,average_proxy,200.0,5.9,0.03806228373702414,0.15730337078651685,1.0595238095238095,0.10650199146997286,0.5828321735389383,0.5564516373132895,0.029141608676946918,,True,False,1.0,-1.0,-1.0
2019-05-06,2019-05-08,Madrid Masters,R32,Clay,4,Juan Martin del Potro,Laslo Djere,player1,top_10,0.7136937441224965,1.72,1.76,selected,average_proxy,200.0,1.7056,-0.022727272727272707,0.5376344086021505,1.0813953488372094,0.17605933552034603,0.22755323989069398,0.21727604997533012,0.0790115416287132,,True,False,1.0,-1.0,-1.0
2019-05-06,2019-05-09,Madrid Masters,R16,Clay,4,Frances Tiafoe,Rafael Nadal,player2,top_10,0.09743027404618687,11.0,10.39,selected,average_proxy,200.0,10.8,0.05871029836381125,0.08713692946058092,1.0432900432900432,0.010293344585605949,0.07173301450805558,0.05224695969881832,0.0017933253627013894,,True,False,1.0,-1.0,-1.0
2019-05-06,2019-05-09,Madrid Masters,R16,Clay,4,Stan Wawrinka,Kei Nishikori,player2,top_10,0.6372499025662042,1.72,1.72,selected,average_proxy,200.0,1.7056,0.0,0.549738219895288,1.0575858250276855,0.08751168267091614,0.09606983241387118,0.08689343381691783,0.03335758069926083,,True,True,1.0,0.72,0.7056
2019-05-06,2019-05-09,Madrid Masters,R16,Clay,4,Hubert Hurkacz,Alexander Zverev,player2,top_10,0.3559133490686498,3.2,2.93,selected,average_proxy,200.0,3.156,0.0921501706484642,0.2982456140350877,1.0477941176470589,0.057667735033562095,0.1389227170196794,0.12326252966065876,0.01578667238859993,,True,False,1.0,-1.0,-1.0
2019-05-06,2019-05-09,Madrid Masters,R16,Clay,4,Stefanos Tsitsipas,Fernando Verdasco,player1,top_10,0.7882111930422513,1.33,1.35,selected,average_proxy,200.0,1.3234000000000001,-0.014814814814814836,0.7188160676532769,1.0459973463069439,0.06939512538897441,0.04832088674619428,0.04311869287211545,0.03660673238348051,,True,True,1.0,0.33000000000000007,0.32340000000000013
2019-05-06,2019-05-09,Madrid Masters,R16,Clay,4,Fabio Fognini,Dominic Thiem,player2,top_10,0.3728327317022896,3.2,3.17,selected,average_proxy,200.0,3.156,0.009463722397476504,0.2982456140350877,1.0477941176470589,0.07458711766720189,0.19306474144732677,0.17666010125242604,0.02193917516446895,,True,False,1.0,-1.0,-1.0
2019-05-06,2019-05-09,Madrid Masters,R16,Clay,4,Gael Monfils,Roger Federer,player2,top_10,0.325221610549263,3.5,3.62,selected,average_proxy,200.0,3.45,-0.03314917127071826,0.27083333333333337,1.0549450549450547,0.05438827721592965,0.13827563692242062,0.12201455639495751,0.013827563692242062,,True,False,1.0,-1.0,-1.0
2019-05-06,2019-05-10,Madrid Masters,QF,Clay,4,Stefanos Tsitsipas,Alexander Zverev,player1,top_10,0.7118636155310849,1.66,1.69,selected,average_proxy,200.0,1.6467999999999998,-0.017751479289940808,0.5699481865284974,1.0569550930996714,0.14191542900258747,0.18169360178160088,0.1722970020565905,0.06882333400818216,,True,True,1.0,0.6599999999999999,0.6467999999999998
2019-05-06,2019-05-10,Madrid Masters,QF,Clay,4,Roger Federer,Dominic Thiem,player1,top_10,0.5289733624024062,2.75,2.83,selected,average_proxy,200.0,2.715,-0.028268551236749095,0.3436754176610979,1.058080808080808,0.18529794474130834,0.45467674660661705,0.4361626789225328,0.06495382094380243,,True,False,1.0,-1.0,-1.0
2019-05-06,2019-05-10,Madrid Masters,QF,Clay,4,Marin Cilic,Novak Djokovic,player2,top_10,0.1882660400000825,5.5,5.77,selected,average_proxy,200.0,5.41,-0.04679376083188902,0.1716867469879518,1.0590111642743223,0.016579293012130708,0.035463220000453766,0.01851927640044637,0.001970178888914098,,True,False,1.0,-1.0,-1.0
2019-05-06,2019-05-11,Madrid Masters,SF,Clay,4,Stefanos Tsitsipas,Rafael Nadal,player1,top_10,0.185825805596897,7.0,6.45,selected,average_proxy,200.0,6.88,0.0852713178294573,0.13580246913580246,1.051948051948052,0.050023336461094525,0.3007806391782789,0.27848154250665125,0.012532526632428287,,True,True,1.0,6.0,5.88
2019-05-06,2019-05-12,Madrid Masters,F,Clay,4,Stefanos Tsitsipas,Novak Djokovic,player1,top_10,0.531085073633211,3.0,2.85,selected,average_proxy,200.0,2.96,0.05263157894736836,0.3181818181818181,1.0476190476190477,0.21290325545139288,0.593255220899633,0.5720118179543044,0.07415690261245413,,True,False,1.0,-1.0,-1.0
2019-05-13,2019-05-14,Rome Masters,R32,Clay,4,Matteo Berrettini,Alexander Zverev,player1,top_10,0.47229537055908044,2.37,2.35,selected,average_proxy,200.0,2.3426,0.008510638297872353,0.39230769230769225,1.0755356995118723,0.0799876782513882,0.11934002822502066,0.10639913507170184,0.021777377413324934,,True,True,1.0,1.37,1.3426
2019-05-13,2019-05-16,Rome Masters,R32,Clay,4,Taylor Fritz,Kei Nishikori,player1,top_10,0.47430292234847626,3.5,3.47,selected,average_proxy,200.0,3.45,0.008645533141210304,0.2677824267782427,1.0669642857142856,0.20652049557023355,0.660060228219667,0.6363450821022432,0.0660060228219667,,True,False,1.0,-1.0,-1.0
2019-05-13,2019-05-17,Rome Masters,QF,Clay,4,Stefanos Tsitsipas,Roger Federer,player1,top_10,0.7743954191177218,1.66,1.67,selected,average_proxy,200.0,1.6467999999999998,-0.005988023952095856,0.5699481865284974,1.0569550930996714,0.20444723258922437,0.2854963957354182,0.27527437620306416,0.10814257414220386,,True,True,1.0,0.6599999999999999,0.6467999999999998
2019-05-13,2019-05-17,Rome Masters,QF,Clay,4,Kei Nishikori,Diego Schwartzman,player2,top_10,0.7099535942968718,1.53,1.58,selected,average_proxy,200.0,1.5194,-0.03164556962025322,0.6203473945409429,1.05359477124183,0.08960619975592887,0.08622899927421385,0.07870349117466702,0.04067405626142162,,True,False,1.0,-1.0,-1.0
2019-05-13,2019-05-18,Rome Masters,SF,Clay,4,Stefanos Tsitsipas,Rafael Nadal,player1,top_10,0.3506875674527021,4.0,4.2,selected,average_proxy,200.0,3.94,-0.04761904761904767,0.23809523809523808,1.05,0.112592329357464,0.4027502698108083,0.38170901576364624,0.033562522484234025,,True,False,1.0,-1.0,-1.0
2019-05-20,2019-05-22,Geneva,R16,Clay,3,Damir Dzumhur,Stan Wawrinka,player1,other,0.29073969943326844,3.75,3.86,selected,average_proxy,200.0,3.695,-0.02849740932642486,0.25,1.0666666666666667,0.04073969943326844,0.09027387287475674,0.07428318940592693,0.008206715715886976,,True,True,1.0,2.75,2.695
2019-05-20,2019-05-23,Geneva,QF,Clay,3,Hugo Dellien,Alexander Zverev,player1,top_10,0.2669611041507546,5.5,5.07,selected,average_proxy,200.0,5.41,0.08481262327416172,0.1716867469879518,1.0590111642743223,0.09527435716280278,0.46828607282915014,0.4442595734555824,0.026015892934952784,,True,False,1.0,-1.0,-1.0
2019-05-20,2019-05-24,Geneva,SF,Clay,3,Federico Delbonis,Alexander Zverev,player1,top_10,0.48781439816246375,3.0,2.87,selected,average_proxy,200.0,2.96,0.04529616724738683,0.3181818181818181,1.0476190476190477,0.16963257998064563,0.46344319448739124,0.44393061856089266,0.057930399310923905,,True,False,1.0,-1.0,-1.0
2019-05-20,2019-05-25,Geneva,F,Clay,3,Alexander Zverev,Nicolas Jarry,player1,top_10,0.8956761267007055,1.44,1.45,selected,average_proxy,200.0,1.4312,-0.006896551724137945,0.6563245823389022,1.058080808080808,0.23935154436180328,0.2897736224490159,0.28189167253404973,0.1646441036642136,,True,True,1.0,0.43999999999999995,0.4312
2019-05-27,2019-05-27,Roland Garros,R128,Clay,5,Hubert Hurkacz,Novak Djokovic,player2,top_10,0.21793342518876013,15.0,13.12,selected,average_proxy,200.0,14.719999999999999,0.14329268292682928,0.06425452276980662,1.0375404530744337,0.15367890241895352,2.269001377831402,2.207980018778549,0.04051788174698932,,True,False,1.0,-1.0,-1.0
2019-05-27,2019-05-27,Roland Garros,R128,Clay,5,Tommy Paul,Dominic Thiem,player2,top_10,0.08728428380161402,19.0,16.85,selected,average_proxy,200.0,18.64,0.12759643916913932,0.050949050949050945,1.0330237358101135,0.03633523285256307,0.6584013922306663,0.6269790500620852,0.009144463780981476,,True,False,1.0,-1.0,-1.0
2019-05-27,2019-05-27,Roland Garros,R128,Clay,5,Mischa Zverev,Richard Gasquet,player2,other,0.1591943360738165,6.5,6.3,selected,average_proxy,200.0,6.39,0.031746031746031855,0.14586070959264127,1.0547470547470548,0.013333626481175226,0.034763184479807197,0.017251807511687423,0.0015801447490821454,,True,False,1.0,-1.0,-1.0
2019-05-27,2019-05-27,Roland Garros,R128,Clay,5,Yannick Hanfmann,Rafael Nadal,player2,top_10,0.04205650820824314,29.0,24.63,selected,average_proxy,200.0,28.439999999999998,0.17742590336987418,0.03349441759706715,1.0295076342425804,0.008562090611175986,0.21963873803905098,0.1960870934424348,0.0019610601610629552,,True,False,1.0,-1.0,-1.0
2019-05-27,2019-05-28,Roland Garros,R128,Clay,5,Juan Martin del Potro,Nicolas Jarry,player1,top_10,0.8088000349077358,1.3,1.27,selected,average_proxy,200.0,1.294,0.023622047244094446,0.7291666666666667,1.0549450549450547,0.07963336824106904,0.05144004538005653,0.046587245170610136,0.04286670448338044,,True,True,1.0,0.30000000000000004,0.29400000000000004
2019-05-27,2019-05-29,Roland Garros,R64,Clay,5,Jo-Wilfried Tsonga,Kei Nishikori,player1,top_10,0.3477648935702702,3.4,3.23,selected,average_proxy,200.0,3.352,0.05263157894736836,0.28118393234672306,1.0459973463069439,0.06658096122354712,0.1824006381389186,0.16570792324754557,0.01900006647280402,,True,False,1.0,-1.0,-1.0
2019-05-27,2019-05-29,Roland Garros,R64,Clay,5,Yannick Maden,Rafael Nadal,player1,top_10,0.061763355645007914,41.0,28.49,selected,average_proxy,200.0,40.2,0.4391014391014392,0.023856006856816343,1.022394235918407,0.037907348788191575,1.5322975814453244,1.4828868969293183,0.009576859884033277,,True,False,1.0,-1.0,-1.0
2019-05-27,2019-05-30,Roland Garros,R64,Clay,5,Radu Albot,Jan Lennard Struff,player1,other,0.32790154626975226,3.2,3.05,selected,average_proxy,200.0,3.156,0.049180327868852514,0.2982456140350877,1.0477941176470589,0.02965593223466456,0.04928494806320738,0.03485728002733823,0.005600562279909929,,True,False,1.0,-1.0,-1.0
2019-05-27,2019-05-30,Roland Garros,R64,Clay,5,Mikael Ymer,Alexander Zverev,player1,top_10,0.23847717281205158,5.5,6.25,selected,average_proxy,200.0,5.41,-0.12,0.1716867469879518,1.0590111642743223,0.06679042582409978,0.31162445046628373,0.29016150491319914,0.017312469470349097,,True,False,1.0,-1.0,-1.0
2019-05-27,2019-05-30,Roland Garros,R64,Clay,5,Alexander Bublik,Dominic Thiem,player2,top_10,0.09038534880778526,19.0,18.07,selected,average_proxy,200.0,18.64,0.051466519092418395,0.050949050949050945,1.0330237358101135,0.039436297858734315,0.7173216273479199,0.6847829017771172,0.009962800379832222,,True,False,1.0,-1.0,-1.0
2019-05-27,2019-05-30,Roland Garros,R64,Clay,5,Yoshihito Nishioka,Juan Martin del Potro,player1,top_10,0.13442271817874335,8.0,8.44,selected,average_proxy,200.0,7.859999999999999,-0.05213270142180093,0.11894273127753305,1.0509259259259258,0.015479986901210302,0.0753817454299468,0.05656256488492273,0.0026922051939266716,,True,False,1.0,-1.0,-1.0
2019-05-27,2019-05-31,Roland Garros,R32,Clay,5,Casper Ruud,Roger Federer,player1,top_10,0.1854402822156741,6.5,6.4,selected,average_proxy,200.0,6.39,0.015625,0.14586070959264127,1.0547470547470548,0.03957957262303283,0.2053618344018816,0.18496340335815742,0.009334628836449164,,True,False,1.0,-1.0,-1.0
2019-05-27,2019-05-31,Roland Garros,R32,Clay,5,Kei Nishikori,Laslo Djere,player1,top_10,0.8371696815200517,1.3,1.3,selected,average_proxy,200.0,1.294,0.0,0.7291666666666667,1.0549450549450547,0.10800301485338493,0.08832058597606718,0.0832975678869469,0.0736004883133893,,True,True,1.0,0.30000000000000004,0.29400000000000004
2019-05-27,2019-06-01,Roland Garros,R32,Clay,5,Stefanos Tsitsipas,Filip Krajinovic,player1,top_10,0.98,1.16,1.17,selected,average_proxy,200.0,1.1567999999999998,-0.008547008547008517,0.8116883116883117,1.0620689655172415,0.1683116883116883,0.1367999999999999,0.1336639999999998,0.21374999999999994,,True,True,1.0,0.15999999999999992,0.15679999999999983
2019-05-27,2019-06-03,Roland Garros,R16,Clay,5,Alexander Zverev,Fabio Fognini,player1,top_10,0.5637744261047714,2.1,2.04,selected,average_proxy,200.0,2.0780000000000003,0.02941176470588247,0.450261780104712,1.0575858250276855,0.11351264600005934,0.18392629482001988,0.17152325744571506,0.04180143064091361,,True,True,1.0,1.1,1.0780000000000003
2019-05-27,2019-06-03,Roland Garros,R16,Clay,5,Karen Khachanov,Juan Martin del Potro,player1,top_10,0.4124575985373279,2.75,2.79,selected,average_proxy,200.0,2.715,-0.014336917562724039,0.3436754176610979,1.058080808080808,0.06878218087623,0.13425839597765166,0.11982238002884515,0.019179770853950236,,True,True,1.0,1.75,1.7149999999999999
2019-05-27,2019-06-04,Roland Garros,QF,Clay,5,Stan Wawrinka,Roger Federer,player2,top_10,0.3332465627705301,3.2,3.08,selected,average_proxy,200.0,3.156,0.038961038961039085,0.2982456140350877,1.0477941176470589,0.035000948735442405,0.06638900086569643,0.051726152103793055,0.00754420464382914,,True,False,1.0,-1.0,-1.0
2019-05-27,2019-06-06,Roland Garros,QF,Clay,5,Alexander Zverev,Novak Djokovic,player2,top_10,0.16366255328530233,7.0,6.6,selected,average_proxy,200.0,6.88,0.06060606060606055,0.13580246913580246,1.051948051948052,0.027860084149499864,0.14563787299711628,0.12599836660288,0.006068244708213179,,True,False,1.0,-1.0,-1.0
2019-05-27,2019-06-09,Roland Garros,F,Clay,5,Rafael Nadal,Dominic Thiem,player1,top_10,0.9021003339200526,1.2,1.21,selected,average_proxy,200.0,1.196,-0.008264462809917328,0.7983193277310925,1.043859649122807,0.10378100618896013,0.08252040070406311,0.07891199936838289,0.1031505008800789,,True,True,1.0,0.19999999999999996,0.19599999999999995
2019-06-10,2019-06-13,s Hertogenbosch,R16,Grass,3,Nicolas Jarry,Stefanos Tsitsipas,player1,top_10,0.3527227084476713,4.5,4.53,selected,average_proxy,200.0,4.43,-0.0066225165562914245,0.2077464788732394,1.0696798493408664,0.14497622957443188,0.5872521880145208,0.5625615984231837,0.04194658485818006,,True,True,1.0,3.5,3.4299999999999997
2019-06-17,2019-06-17,Queen's Club,R32,Grass,3,Kevin Anderson,Cameron Norrie,player1,top_10,0.886630576522186,1.33,1.36,selected,average_proxy,200.0,1.3234000000000001,-0.022058823529411797,0.7096069868995633,1.059572006940428,0.17702358962262277,0.17921866677450748,0.1733669049694611,0.13577171725341472,,True,True,1.0,0.33000000000000007,0.32340000000000013
2019-06-17,2019-06-17,Halle,R32,Grass,3,Robin Haase,Alexander Zverev,player1,top_10,0.4613470850446356,5.0,5.2,selected,average_proxy,200.0,4.92,-0.03846153846153855,0.1883116883116883,1.0620689655172415,0.2730353967329473,1.3067354252231782,1.269827658419607,0.08167096407644864,,True,False,1.0,-1.0,-1.0
2019-06-17,2019-06-19,Halle,R16,Grass,3,Karen Khachanov,Jan Lennard Struff,player2,top_10,0.5590607571743953,1.9,1.94,selected,average_proxy,200.0,1.882,-0.020618556701030966,0.4864864864864864,1.0818713450292399,0.07257427068790889,0.06221543863135104,0.052152345002211886,0.017282066286486403,,True,True,1.0,0.8999999999999999,0.8819999999999999
2019-06-17,2019-06-20,Queen's Club,R32,Grass,3,Kyle Edmund,Stefanos Tsitsipas,player1,top_10,0.48544028373465087,3.0,3.14,selected,average_proxy,200.0,2.96,-0.04458598726114649,0.3119266055045871,1.0686274509803921,0.17351367823006375,0.4563208512039526,0.4369032398545666,0.057040106400494076,,True,False,1.0,-1.0,-1.0
2019-06-17,2019-06-20,Queen's Club,R16,Grass,3,Kevin Anderson,Gilles Simon,player2,top_10,0.8787093965109265,1.33,1.34,selected,average_proxy,200.0,1.3234000000000001,-0.007462686567164201,0.7096069868995633,1.059572006940428,0.16910240961136325,0.1686834973595323,0.16288401534256025,0.12779052830267595,,True,False,1.0,-1.0,-1.0
2019-06-17,2019-06-20,Queen's Club,R16,Grass,3,Jeremy Chardy,Stefanos Tsitsipas,player2,top_10,0.40022594017286395,3.5,3.65,selected,average_proxy,200.0,3.45,-0.041095890410958846,0.2677824267782427,1.0669642857142856,0.13244351339462124,0.40079079060502376,0.38077949359638064,0.04007907906050238,,True,False,1.0,-1.0,-1.0
2019-06-17,2019-06-20,Halle,R16,Grass,3,Steve Johnson,Alexander Zverev,player1,top_10,0.42408554257113784,2.5,2.62,selected,average_proxy,200.0,2.4699999999999998,-0.04580152671755733,0.375,1.0666666666666667,0.04908554257113784,0.0602138564278446,0.04749129015071041,0.010035642737974101,,True,False,1.0,-1.0,-1.0
2019-06-17,2019-06-20,Halle,R16,Grass,3,Jo-Wilfried Tsonga,Roger Federer,player1,top_10,0.21267617042825263,5.0,4.97,selected,average_proxy,200.0,4.92,0.006036217303823088,0.1883116883116883,1.0620689655172415,0.024364482116564334,0.0633808521412631,0.04636675850700289,0.003961303258828944,,True,False,1.0,-1.0,-1.0
2019-06-17,2019-06-22,Halle,SF,Grass,3,Pierre Hugues Herbert,Roger Federer,player2,top_10,0.14666977534725933,8.0,8.24,selected,average_proxy,200.0,7.859999999999999,-0.029126213592232997,0.11894273127753305,1.0509259259259258,0.027727044069726287,0.17335820277807457,0.15282443422945835,0.006191364384931235,,True,False,1.0,-1.0,-1.0
2019-06-24,2019-06-28,Eastbourne,SF,Grass,3,Taylor Fritz,Kyle Edmund,player1,other,0.393618331846834,2.62,2.56,selected,average_proxy,200.0,2.5876,0.0234375,0.3640776699029127,1.0483460559796436,0.029540661943921298,0.031280029438705115,0.018526795486867753,0.004827165036837209,,True,True,1.0,1.62,1.5876000000000001
2019-07-01,2019-07-01,Wimbledon,R128,Grass,5,Vasek Pospisil,Felix Auger Aliassime,player2,other,0.10318413088309863,10.0,10.14,selected,average_proxy,200.0,9.82,-0.013806706114398493,0.09584086799276674,1.0433962264150942,0.007343262890331895,0.03184130883098635,0.013268165272028676,0.0008844808008607319,,True,False,1.0,-1.0,-1.0
2019-07-01,2019-07-01,Wimbledon,R128,Grass,5,Thomas Fabbiano,Stefanos Tsitsipas,player1,top_10,0.17742830839340315,6.5,6.98,selected,average_proxy,200.0,6.39,-0.06876790830945567,0.14586070959264127,1.0547470547470548,0.031567598800761876,0.15328400455712055,0.13376689063384606,0.0069674547525963885,,True,True,1.0,5.5,5.39
2019-07-01,2019-07-01,Wimbledon,R128,Grass,5,Jozef Kovalik,Robin Haase,player1,other,0.24926905151627005,4.33,3.99,selected,average_proxy,200.0,4.2634,0.08521303258145352,0.2198198198198198,1.0506190133646311,0.02944923169645025,0.07933499306544933,0.06273367423446574,0.005956080560469169,,True,False,1.0,-1.0,-1.0
2019-07-01,2019-07-01,Wimbledon,R128,Grass,5,Peter Gojowczyk,Roberto Bautista Agut,player1,other,0.09900681272460936,11.0,9.92,selected,average_proxy,200.0,10.8,0.1088709677419355,0.08713692946058092,1.0432900432900432,0.011869883264028436,0.08907493997070293,0.06927357742578111,0.0022268734992675733,,True,False,1.0,-1.0,-1.0
2019-07-01,2019-07-01,Wimbledon,R128,Grass,5,Jiri Vesely,Alexander Zverev,player1,top_10,0.46943358049642914,4.33,4.37,selected,average_proxy,200.0,4.2634,-0.009153318077803174,0.2198198198198198,1.0506190133646311,0.24961376067660934,1.032647403549538,1.0013831270884759,0.07752608134756292,,True,True,1.0,3.33,3.2634
2019-07-01,2019-07-02,Wimbledon,R128,Grass,5,Sam Querrey,Dominic Thiem,player2,top_10,0.7709810620467528,2.3,2.23,selected,average_proxy,200.0,2.274,0.03139013452914785,0.411764705882353,1.0559006211180124,0.3592163561643998,0.7732564427075312,0.7532109350943158,0.14870316205914064,,True,True,1.0,1.2999999999999998,1.274
2019-07-01,2019-07-02,Wimbledon,R128,Grass,5,Frances Tiafoe,Fabio Fognini,player2,top_10,0.5440941411235496,2.1,2.07,selected,average_proxy,200.0,2.0780000000000003,0.01449275362318847,0.450261780104712,1.0575858250276855,0.09383236101883757,0.14259769635945418,0.13062762525473626,0.0324085673544214,,True,False,1.0,-1.0,-1.0
2019-07-01,2019-07-02,Wimbledon,R128,Grass,5,Federico Delbonis,Daniel Evans,player2,other,0.12923562467479988,8.0,8.98,selected,average_proxy,200.0,7.859999999999999,-0.10913140311804015,0.11894273127753305,1.0509259259259258,0.010292893397266828,0.03388499739839901,0.015792009943926932,0.0012101784785142503,,True,False,1.0,-1.0,-1.0
2019-07-01,2019-07-02,Wimbledon,R128,Grass,5,James Ward,Nikoloz Basilashvili,player1,other,0.44698213581841917,2.37,2.34,selected,average_proxy,200.0,2.3426,0.012820512820512997,0.398477157360406,1.058883603429278,0.04850497845801316,0.05934766188965346,0.047100351368228766,0.010829865308330923,,True,False,1.0,-1.0,-1.0
2019-07-01,2019-07-02,Wimbledon,R128,Grass,5,Yuichi Sugita,Rafael Nadal,player2,top_10,0.0620448161953846,17.0,13.52,selected,average_proxy,200.0,16.68,0.2573964497041421,0.05660377358490567,1.0392156862745097,0.005441042610478931,0.0547618753215382,0.03490753413901515,0.0008556543018990344,,True,False,1.0,-1.0,-1.0
2019-07-01,2019-07-02,Wimbledon,R128,Grass,5,Thiago Monteiro,Kei Nishikori,player2,top_10,0.22039254990616164,11.0,10.21,selected,average_proxy,200.0,10.8,0.07737512242899114,0.08713692946058092,1.0432900432900432,0.1332556204455807,1.424318048967778,1.3802395389865458,0.03560795122419445,,True,False,1.0,-1.0,-1.0
2019-07-01,2019-07-02,Wimbledon,R128,Grass,5,Lloyd Harris,Roger Federer,player1,top_10,0.07259281070273944,23.0,20.67,selected,average_proxy,200.0,22.56,0.11272375423318803,0.04206580591420241,1.0335772707705553,0.03052700478853703,0.6696346461630073,0.6376938094538017,0.007609484615488719,,True,False,1.0,-1.0,-1.0
2019-07-01,2019-07-03,Wimbledon,R64,Grass,5,Denis Kudla,Novak Djokovic,player2,top_10,0.07436282747946066,26.0,22.28,selected,average_proxy,200.0,25.5,0.16696588868940743,0.03739355794150315,1.0285605483625286,0.03696926953795751,0.9334335144659772,0.8962521007262468,0.009334335144659773,,True,False,1.0,-1.0,-1.0
2019-07-01,2019-07-03,Wimbledon,R64,Grass,5,Steve Darcis,Roberto Bautista Agut,player2,other,0.09448019235091276,11.0,10.98,selected,average_proxy,200.0,10.8,0.0018214936247722413,0.08713692946058092,1.0432900432900432,0.007343262890331839,0.03928211586004038,0.02038607738985787,0.0009820528965010095,,True,False,1.0,-1.0,-1.0
2019-07-01,2019-07-04,Wimbledon,R64,Grass,5,Marton Fucsovics,Fabio Fognini,player2,top_10,0.47909885577314126,2.2,2.13,selected,average_proxy,200.0,2.176,0.032863849765258246,0.43005181347150256,1.0569550930996714,0.0490470423016387,0.05401748270091089,0.042519110162355434,0.011253642229356434,,True,False,1.0,-1.0,-1.0
2019-07-01,2019-07-04,Wimbledon,R64,Grass,5,Nick Kyrgios,Rafael Nadal,player2,top_10,0.27095286144793107,4.0,3.98,selected,average_proxy,200.0,3.94,0.005025125628140614,0.23809523809523808,1.05,0.03285762335269299,0.08381144579172428,0.06755427410484838,0.006984287149310357,,True,False,1.0,-1.0,-1.0
2019-07-01,2019-07-05,Wimbledon,R32,Grass,5,Kevin Anderson,Guido Pella,player2,top_10,0.9294198363041669,1.12,1.13,selected,average_proxy,200.0,1.1176000000000001,-0.008849557522123686,0.8426966292134831,1.0595238095238095,0.08672320709068382,0.040950216660667046,0.03871960905353708,0.0853129513763896,,True,False,1.0,-1.0,-1.0
2019-07-01,2019-07-06,Wimbledon,R32,Grass,5,Tennys Sandgren,Fabio Fognini,player1,top_10,0.4142944832841684,3.5,3.51,selected,average_proxy,200.0,3.45,-0.002849002849002802,0.27083333333333337,1.0549450549450547,0.14346114995083503,0.4500306914945893,0.429315967330381,0.04500306914945893,,True,True,1.0,2.5,2.45
2019-07-01,2019-07-06,Wimbledon,R32,Grass,5,Jo-Wilfried Tsonga,Rafael Nadal,player2,top_10,0.2502227743616323,5.0,5.12,selected,average_proxy,200.0,4.92,-0.0234375,0.1883116883116883,1.0620689655172415,0.061911086049944025,0.2511138718081616,0.23109604985923093,0.0156946169880101,,True,False,1.0,-1.0,-1.0
2019-07-01,2019-07-06,Wimbledon,R32,Grass,5,Steve Johnson,Kei Nishikori,player1,top_10,0.31166984574348416,4.5,4.41,selected,average_proxy,200.0,4.43,0.020408163265306145,0.21052631578947367,1.0555555555555556,0.10114352995401049,0.4025143058456786,0.38069741664363477,0.0287510218461199,,True,False,1.0,-1.0,-1.0
2019-07-01,2019-07-08,Wimbledon,R16,Grass,5,Mikhail Kukushkin,Kei Nishikori,player1,top_10,0.2189135994528471,6.0,6.91,selected,average_proxy,200.0,5.9,-0.13169319826338644,0.15730337078651685,1.0595238095238095,0.06161022866633026,0.31348159671708253,0.29159023677179796,0.015674079835854126,,True,False,1.0,-1.0,-1.0
2019-07-01,2019-07-14,Wimbledon,F,Grass,5,Novak Djokovic,Roger Federer,player2,top_10,0.6648962260715029,1.55,1.54,selected,average_proxy,200.0,1.5390000000000001,0.006493506493506551,0.6265060240963857,1.029776674937965,0.03839020197511722,0.03058915041082949,0.02327529192404304,0.013904159277649767,,True,True,1.0,0.55,0.5390000000000001
2019-07-15,2019-07-17,Umag,R16,Clay,3,Paolo Lorenzi,Laslo Djere,player1,other,0.3237247552661222,3.75,4.07,selected,average_proxy,200.0,3.695,-0.07862407862407872,0.25,1.0666666666666667,0.07372475526612221,0.21396783224795834,0.19616297070832156,0.019451621113450758,,True,False,1.0,-1.0,-1.0
2019-07-22,2019-07-24,Hamburg,R16,Clay,3,Marton Fucsovics,Dominic Thiem,player2,top_10,0.2546236662779172,5.0,5.16,selected,average_proxy,200.0,4.92,-0.03100775193798455,0.1883116883116883,1.0620689655172415,0.06631197796622892,0.2731183313895861,0.2527484380873527,0.01706989571184913,,True,False,1.0,-1.0,-1.0
2019-07-22,2019-07-25,Hamburg,R16,Clay,3,Alexander Zverev,Federico Delbonis,player1,top_10,0.8135030060199194,1.28,1.3,selected,average_proxy,200.0,1.2744,-0.015384615384615441,0.7322175732217574,1.0669642857142856,0.08128543279816203,0.041283847705496896,0.03672823087178531,0.036860578308479365,,True,True,1.0,0.28,0.2744
2019-07-22,2019-07-26,Gstaad,QF,Clay,3,Joao Sousa,Roberto Bautista Agut,player1,other,0.2782598792344576,3.75,3.83,selected,average_proxy,200.0,3.695,-0.02088772845953002,0.25447316103379725,1.0479166666666666,0.02378671820066036,0.04347454712921606,0.028170253771320763,0.00395223155720146,,True,True,1.0,2.75,2.695
2019-07-22,2019-07-26,Hamburg,QF,Clay,3,Alexander Zverev,Filip Krajinovic,player1,top_10,0.8475915962285117,1.36,1.38,selected,average_proxy,200.0,1.3528000000000002,-0.014492753623188248,0.7017543859649122,1.0477941176470589,0.14583721026359941,0.15272457087077596,0.14662191137793074,0.10605872977137216,,True,True,1.0,0.3600000000000001,0.3528000000000002
2019-07-22,2019-07-26,Hamburg,QF,Clay,3,Andrey Rublev,Dominic Thiem,player2,top_10,0.18268357459756146,6.0,6.29,selected,average_proxy,200.0,5.9,-0.04610492845786962,0.15730337078651685,1.0595238095238095,0.02538020381104461,0.09610144758536876,0.07783309012561268,0.004805072379268438,,True,True,1.0,5.0,4.9
2019-07-22,2019-07-26,Atlanta,QF,Hard,3,Bernard Tomic,Alex De Minaur,player1,other,0.3243411407285286,3.2,3.14,selected,average_proxy,200.0,3.156,0.019108280254777066,0.2982456140350877,1.0477941176470589,0.026095526693440896,0.037891650331291604,0.02362064013923626,0.004305869355828591,,True,False,1.0,-1.0,-1.0
2019-07-22,2019-07-27,Hamburg,SF,Clay,3,Alexander Zverev,Nikoloz Basilashvili,player1,top_10,0.7779972259647491,1.44,1.41,selected,average_proxy,200.0,1.4312,0.02127659574468077,0.6563245823389022,1.058080808080808,0.12167264362584684,0.12031600538923864,0.11346962980074887,0.06836136669843106,,True,False,1.0,-1.0,-1.0
2019-07-29,2019-07-31,Kitzbuhel,R16,Clay,3,Dominic Thiem,Sebastian Ofner,player2,top_10,0.98,1.07,1.06,selected,average_proxy,200.0,1.0686,0.009433962264151052,0.893743793445879,1.0456905503634475,0.08625620655412103,0.048600000000000046,0.04722799999999998,0.17357142857142857,,True,True,1.0,0.07000000000000006,0.0686
2019-07-29,2019-08-01,Los Cabos,R16,Hard,3,Marcel Granollers,Fabio Fognini,player1,top_10,0.5216134173178166,2.0,1.98,selected,average_proxy,200.0,1.98,0.010101010101010166,0.4623655913978494,1.0813953488372094,0.059247825919967245,0.04322683463563326,0.032794566289276905,0.010806708658908315,,True,False,1.0,-1.0,-1.0
2019-07-29,2019-08-02,Los Cabos,QF,Hard,3,Taylor Fritz,Fabio Fognini,player1,top_10,0.6556023494329484,1.66,1.62,selected,average_proxy,200.0,1.6467999999999998,0.024691358024691246,0.5699481865284974,1.0569550930996714,0.08565416290445094,0.08829990005869426,0.07964594904617928,0.033446931840414494,,True,True,1.0,0.6599999999999999,0.6467999999999998
2019-07-29,2019-08-02,Washington,R16,Hard,3,Stefanos Tsitsipas,Jordan Thompson,player1,top_10,0.7948675115448177,1.33,1.31,selected,average_proxy,200.0,1.3234000000000001,0.01526717557251911,0.7188160676532769,1.0459973463069439,0.07605144389154084,0.05717379035460762,0.051927664778411875,0.043313477541369404,,True,True,1.0,0.33000000000000007,0.32340000000000013
2019-07-29,2019-08-02,Washington,QF,Hard,3,Daniil Medvedev,Marin Cilic,player1,top_10,0.6968784513626443,1.61,1.57,selected,average_proxy,200.0,1.5978,0.02547770700636942,0.588235294117647,1.0559006211180124,0.10864315724499729,0.12197430669385734,0.11347238958723305,0.0499894699564989,,True,True,1.0,0.6100000000000001,0.5978000000000001
2019-07-29,2019-08-03,Washington,QF,Hard,3,Benoit Paire,Stefanos Tsitsipas,player1,top_10,0.3480296133347563,3.5,3.49,selected,average_proxy,200.0,3.45,0.002865329512893977,0.27083333333333337,1.0549450549450547,0.07719628000142292,0.21810364667164694,0.2007021660049092,0.021810364667164694,,True,False,1.0,-1.0,-1.0
2019-07-29,2019-08-04,Washington,SF,Hard,3,Daniil Medvedev,Peter Gojowczyk,player1,top_10,0.9698990730990662,1.16,1.16,selected,average_proxy,200.0,1.1567999999999998,0.0,0.8116883116883117,1.0620689655172415,0.15821076141075452,0.12508292479491673,0.12197924776099961,0.1954420699920575,,True,True,1.0,0.15999999999999992,0.15679999999999983
2019-07-29,2019-08-04,Washington,F,Hard,3,Nick Kyrgios,Daniil Medvedev,player1,top_10,0.5281915228046143,2.1,2.13,selected,average_proxy,200.0,2.0780000000000003,-0.014084507042253391,0.450261780104712,1.0575858250276855,0.07792974269990233,0.10920219788969021,0.09758198438798871,0.024818681338565955,,True,True,1.0,1.1,1.0780000000000003
2019-08-05,2019-08-07,Canada Masters,R32,Hard,4,Denis Shapovalov,Dominic Thiem,player2,top_10,0.5830885906891574,2.2,2.13,selected,average_proxy,200.0,2.176,0.032863849765258246,0.4225721784776903,1.0756634669678147,0.16051641221146712,0.28279489951614645,0.2688007733396066,0.05891560406586383,,True,False,1.0,-1.0,-1.0
2019-08-05,2019-08-07,Canada Masters,R32,Hard,4,Kei Nishikori,Richard Gasquet,player2,top_10,0.8079803580047191,1.4,1.38,selected,average_proxy,200.0,1.392,0.01449275362318847,0.6626506024096386,1.077922077922078,0.14532975559508055,0.13117250120660673,0.12470865834256895,0.08198281325412922,,True,False,1.0,-1.0,-1.0
2019-08-05,2019-08-07,Canada Masters,R32,Hard,4,Stefanos Tsitsipas,Hubert Hurkacz,player2,top_10,0.7759954433019679,1.4,1.43,selected,average_proxy,200.0,1.392,-0.020979020979021046,0.6626506024096386,1.077922077922078,0.11334484089232932,0.08639362062275502,0.08018565707633923,0.0539960128892219,,True,False,1.0,-1.0,-1.0
2019-08-05,2019-08-07,Canada Masters,R32,Hard,4,Rafael Nadal,Daniel Evans,player2,top_10,0.9654358810376743,1.08,1.08,selected,average_proxy,200.0,1.0784,0.0,0.8810572687224669,1.0509259259259258,0.08437861231520738,0.04267075152068832,0.04112605411102799,0.13334609850215087,,True,True,1.0,0.08000000000000007,0.07840000000000003
2019-08-05,2019-08-08,Canada Masters,R16,Hard,4,Marin Cilic,Dominic Thiem,player2,top_10,0.7007659392361765,1.9,1.93,selected,average_proxy,200.0,1.882,-0.015544041450777257,0.5,1.0526315789473684,0.20076593923617647,0.3314552845487352,0.31884149764248404,0.09207091237464868,,True,False,1.0,-1.0,-1.0
2019-08-05,2019-08-08,Canada Masters,R16,Hard,4,Alexander Zverev,Nikoloz Basilashvili,player1,top_10,0.7790759795024108,1.44,1.44,selected,average_proxy,200.0,1.4312,0.0,0.6563245823389022,1.058080808080808,0.12275139716350858,0.1218694104834715,0.11501354186385038,0.06924398322924517,,True,True,1.0,0.43999999999999995,0.4312
2019-08-05,2019-08-08,Canada Masters,R16,Hard,4,Karen Khachanov,Felix Auger Aliassime,player1,top_10,0.6788699840399632,1.72,1.69,selected,average_proxy,200.0,1.7056,0.01775147928994092,0.549738219895288,1.0575858250276855,0.1291317641446752,0.16765637254873678,0.15788064477856129,0.05821401824608916,,True,True,1.0,0.72,0.7056
2019-08-05,2019-08-09,Canada Masters,QF,Hard,4,Daniil Medvedev,Dominic Thiem,player1,top_10,0.6764023904964647,1.61,1.67,selected,average_proxy,200.0,1.5978,-0.0359281437125748,0.588235294117647,1.0559006211180124,0.0881670963788177,0.08900784869930817,0.08075573953525134,0.0364786265161099,,True,True,1.0,0.6100000000000001,0.5978000000000001
2019-08-05,2019-08-09,Canada Masters,QF,Hard,4,Alexander Zverev,Karen Khachanov,player1,top_10,0.7514756410419708,1.8,1.77,selected,average_proxy,200.0,1.784,0.016949152542372836,0.5263157894736842,1.0555555555555556,0.22515985156828666,0.3526561538755476,0.34063254361887596,0.11020504808610862,,True,False,1.0,-1.0,-1.0
2019-08-05,2019-08-09,Canada Masters,QF,Hard,4,Fabio Fognini,Rafael Nadal,player2,top_10,0.21864234371414026,6.0,6.22,selected,average_proxy,200.0,5.9,-0.03536977491961413,0.15730337078651685,1.0595238095238095,0.061338972927623414,0.3118540622848416,0.28998982791342764,0.015592703114242079,,True,False,1.0,-1.0,-1.0
2019-08-05,2019-08-10,Canada Masters,SF,Hard,4,Karen Khachanov,Daniil Medvedev,player1,top_10,0.4330395115553818,2.62,2.62,selected,average_proxy,200.0,2.5876,0.0,0.3640776699029127,1.0483460559796436,0.0689618416524691,0.13456352027510032,0.12053304010070598,0.020765975351095728,,True,False,1.0,-1.0,-1.0
2019-08-05,2019-08-11,Canada Masters,F,Hard,4,Daniil Medvedev,Rafael Nadal,player2,top_10,0.38246783689442343,3.0,2.99,selected,average_proxy,200.0,2.96,0.0033444816053511683,0.3181818181818181,1.0476190476190477,0.06428601871260531,0.1474035106832703,0.13210479720749335,0.018425438835408786,,True,False,1.0,-1.0,-1.0
2019-08-12,2019-08-14,Cincinnati Masters,R32,Hard,4,Yoshihito Nishioka,Kei Nishikori,player1,top_10,0.32128440832825544,3.4,3.34,selected,average_proxy,200.0,3.352,0.017964071856287456,0.2765957446808511,1.0633484162895928,0.04468866364740437,0.09236698831606849,0.07694533671631221,0.009621561282923801,,True,True,1.0,2.4,2.352
2019-08-12,2019-08-14,Cincinnati Masters,R32,Hard,4,Benoit Paire,Daniil Medvedev,player1,top_10,0.39504758177368426,3.4,3.6,selected,average_proxy,200.0,3.352,-0.05555555555555558,0.2765957446808511,1.0633484162895928,0.11845183709283319,0.3431617780305265,0.3241994941053896,0.03574601854484651,,True,False,1.0,-1.0,-1.0
2019-08-12,2019-08-15,Cincinnati Masters,R16,Hard,4,Daniil Medvedev,Jan Lennard Struff,player1,top_10,0.749539170376996,1.4,1.38,selected,average_proxy,200.0,1.392,0.01449275362318847,0.6818181818181818,1.0476190476190477,0.06772098855881425,0.049354838527794376,0.043358525164778394,0.030846774079871492,,True,True,1.0,0.3999999999999999,0.3919999999999999
2019-08-12,2019-08-17,Cincinnati Masters,SF,Hard,4,Daniil Medvedev,Novak Djokovic,player1,top_10,0.40027175908505697,3.4,3.39,selected,average_proxy,200.0,3.352,0.002949852507374562,0.28118393234672306,1.0459973463069439,0.1190878267383339,0.36092398088919364,0.3417109364531109,0.037596248009291004,,True,True,1.0,2.4,2.352
2019-08-19,2019-08-20,Winston-Salem,R32,Hard,3,Marco Cecchinato,John Millman,player1,other,0.35829088693980726,3.0,2.92,selected,average_proxy,200.0,2.96,0.027397260273972712,0.3119266055045871,1.0686274509803921,0.046364281435220145,0.07487266081942179,0.06054102534182948,0.009359082602427723,,True,False,1.0,-1.0,-1.0
2019-08-19,2019-08-22,Winston-Salem,R16,Hard,3,Frances Tiafoe,Filip Krajinovic,player1,other,0.5790729815968112,1.8,1.78,selected,average_proxy,200.0,1.784,0.011235955056179803,0.5263157894736842,1.0555555555555556,0.05275719212312702,0.0423313668742602,0.033066199168711174,0.013228552148206313,,True,True,1.0,0.8,0.784
2019-08-26,2019-08-26,US Open,R128,Hard,5,Prajnesh Gunneswaran,Daniil Medvedev,player2,top_10,0.20520361855695035,19.0,20.19,selected,average_proxy,200.0,18.64,-0.05894006934125806,0.050949050949050945,1.0330237358101135,0.1542545676078994,2.8988687525820565,2.8249954499015546,0.040262066008084116,,True,False,1.0,-1.0,-1.0
2019-08-26,2019-08-26,US Open,R128,Hard,5,Thiago Monteiro,Bradley Klahn,player1,other,0.45714546018124,2.37,2.32,selected,average_proxy,200.0,2.3426,0.02155172413793105,0.398477157360406,1.058883603429278,0.05866830282083402,0.08343474062953893,0.07090895502057293,0.01522531763312754,,True,False,1.0,-1.0,-1.0
2019-08-26,2019-08-27,US Open,R128,Hard,5,Andrey Rublev,Stefanos Tsitsipas,player1,top_10,0.5107095382851607,2.5,2.59,selected,average_proxy,200.0,2.4699999999999998,-0.03474903474903468,0.3796526054590571,1.05359477124183,0.13105693282610364,0.27677384571290187,0.2614525595643469,0.04612897428548365,,True,True,1.0,1.5,1.4699999999999998
2019-08-26,2019-08-27,US Open,R128,Hard,5,Mikhail Kukushkin,Roberto Bautista Agut,player1,top_10,0.15954204818994888,8.0,7.88,selected,average_proxy,200.0,7.859999999999999,0.015228426395939021,0.11894273127753305,1.0509259259259258,0.040599316912415834,0.27633638551959094,0.25400049877299813,0.009869156625699677,,True,True,1.0,7.0,6.859999999999999
2019-08-26,2019-08-27,US Open,R128,Hard,5,Pablo Andujar,Kyle Edmund,player1,other,0.23676202355426834,4.5,4.64,selected,average_proxy,200.0,4.43,-0.030172413793103425,0.21052631578947367,1.0555555555555556,0.02623570776479467,0.06542910599420748,0.048855764345408725,0.00467350757101482,,True,True,1.0,3.5,3.4299999999999997
2019-08-26,2019-08-27,US Open,R128,Hard,5,Alexander Zverev,Radu Albot,player2,top_10,0.8510789394140426,1.44,1.44,selected,average_proxy,200.0,1.4312,0.0,0.6563245823389022,1.058080808080808,0.19475435707514033,0.22555367275622124,0.21806417808937772,0.12815549588421662,,True,True,1.0,0.43999999999999995,0.4312
2019-08-26,2019-08-27,US Open,R128,Hard,5,Vasek Pospisil,Karen Khachanov,player1,top_10,0.3662217692469584,6.0,7.19,selected,average_proxy,200.0,5.9,-0.16550764951321284,0.15730337078651685,1.0595238095238095,0.20891839846044152,1.1973306154817505,1.1607084385570547,0.059866530774087524,,True,True,1.0,5.0,4.9
2019-08-26,2019-08-29,US Open,R64,Hard,5,Hugo Dellien,Daniil Medvedev,player1,top_10,0.1808996469713124,19.0,14.3,selected,average_proxy,200.0,18.64,0.32867132867132853,0.050949050949050945,1.0330237358101135,0.12995059602226144,2.4370932924549358,2.3719694195452634,0.033848517950763,,True,False,1.0,-1.0,-1.0
2019-08-26,2019-08-29,US Open,R64,Hard,5,Alexander Zverev,Frances Tiafoe,player2,top_10,0.7226912975467443,1.5,1.52,selected,average_proxy,200.0,1.49,-0.013157894736842146,0.6359223300970874,1.0483460559796436,0.0867689674496569,0.08403694632011649,0.07681003334464903,0.042018473160058245,,True,True,1.0,0.5,0.49
2019-08-26,2019-08-31,US Open,R32,Hard,5,Feliciano Lopez,Daniil Medvedev,player1,top_10,0.4394899383019277,3.5,3.59,selected,average_proxy,200.0,3.45,-0.02506963788300831,0.27083333333333337,1.0549450549450547,0.1686566049685943,0.5382147840567468,0.5162402871416507,0.05382147840567468,,True,False,1.0,-1.0,-1.0
2019-08-26,2019-08-31,US Open,R32,Hard,5,Aljaz Bedene,Alexander Zverev,player1,top_10,0.4421852333909208,3.75,3.87,selected,average_proxy,200.0,3.695,-0.03100775193798455,0.25447316103379725,1.0479166666666666,0.18771207235712356,0.6581946252159532,0.6338744373794523,0.059835875019632105,,True,False,1.0,-1.0,-1.0
2019-08-26,2019-09-01,US Open,R16,Hard,5,Roger Federer,David Goffin,player1,top_10,0.9794461164210454,1.16,1.16,selected,average_proxy,200.0,1.1567999999999998,0.0,0.8116883116883117,1.0620689655172415,0.16775780473273372,0.1361574950484126,0.13302326747586515,0.2127460860131448,,True,True,1.0,0.15999999999999992,0.15679999999999983
2019-08-26,2019-09-02,US Open,R16,Hard,5,Diego Schwartzman,Alexander Zverev,player2,top_10,0.5397860795786423,2.0,1.99,selected,average_proxy,200.0,1.98,0.005025125628140614,0.47368421052631576,1.0555555555555556,0.06610186905232657,0.07957215915728466,0.06877643756571183,0.019893039789321165,,True,True,1.0,1.0,0.98
2019-08-26,2019-09-03,US Open,R16,Hard,5,Marin Cilic,Rafael Nadal,player1,top_10,0.1391088051990061,9.0,8.79,selected,average_proxy,200.0,8.84,0.023890784982935287,0.10625620655412116,1.0456905503634475,0.032852598644884934,0.2519792467910549,0.22972183795921386,0.007874351462220465,,True,False,1.0,-1.0,-1.0
2019-08-26,2019-09-03,US Open,QF,Hard,5,Stan Wawrinka,Daniil Medvedev,player1,top_10,0.7064422339651805,1.72,1.81,selected,average_proxy,200.0,1.7056,-0.04972375690607744,0.549738219895288,1.0575858250276855,0.15670401406989243,0.21508064242011038,0.2049078742510118,0.07468077861809388,,True,False,1.0,-1.0,-1.0
2019-08-26,2019-09-04,US Open,QF,Hard,5,Grigor Dimitrov,Roger Federer,player2,top_10,0.12610254658545805,9.0,9.44,selected,average_proxy,200.0,8.84,-0.04661016949152541,0.10625620655412116,1.0456905503634475,0.019846340031336895,0.13492291926912248,0.11474651181544915,0.004216341227160077,,True,True,1.0,8.0,7.84
2019-08-26,2019-09-07,US Open,SF,Hard,5,Rafael Nadal,Matteo Berrettini,player2,top_10,0.9752213670419708,1.06,1.06,selected,average_proxy,200.0,1.0588,0.0,0.9041591320072333,1.0433962264150942,0.07106223503473752,0.03373464906448912,0.03256438342403867,0.14056103776870454,,True,True,1.0,0.06000000000000005,0.05879999999999996
2019-09-16,2019-09-19,St. Petersburg,R16,Hard,3,Joao Sousa,Karen Khachanov,player1,top_10,0.515798105682987,3.0,3.03,selected,average_proxy,200.0,2.96,-0.009900990099009799,0.3119266055045871,1.0686274509803921,0.2038715001783999,0.547394317048961,0.5267623928216416,0.06842428963112013,,True,True,1.0,2.0,1.96
2019-09-16,2019-09-20,St. Petersburg,QF,Hard,3,Andrey Rublev,Daniil Medvedev,player2,top_10,0.2664070783848552,4.0,4.01,selected,average_proxy,200.0,3.94,-0.0024937655860348684,0.23809523809523808,1.05,0.02831184028961714,0.06562831353942089,0.04964388883632953,0.0054690261282850745,,True,False,1.0,-1.0,-1.0
2019-09-16,2019-09-21,St. Petersburg,SF,Hard,3,Egor Gerasimov,Daniil Medvedev,player2,top_10,0.22165116189756706,5.5,5.61,selected,average_proxy,200.0,5.41,-0.019607843137254943,0.1716867469879518,1.0590111642743223,0.04996441490961526,0.21908139043661878,0.19913278586583782,0.012171188357589933,,True,False,1.0,-1.0,-1.0
2019-09-16,2019-09-22,St. Petersburg,F,Hard,3,Borna Coric,Daniil Medvedev,player1,top_10,0.38509950047211483,4.33,4.54,selected,average_proxy,200.0,4.2634,-0.04625550660792954,0.2198198198198198,1.0506190133646311,0.16527968065229504,0.6674808370442572,0.6418332103128143,0.05011117395227156,,True,False,1.0,-1.0,-1.0
2019-09-23,2019-09-26,Zhuhai,R16,Hard,3,Andy Murray,Alex De Minaur,player2,other,0.34829282103832293,3.0,3.03,selected,average_proxy,200.0,2.96,-0.009900990099009799,0.3119266055045871,1.0686274509803921,0.03636621553373581,0.04487846311496879,0.030946750273435852,0.005609807889371099,,True,False,1.0,-1.0,-1.0
2019-09-23,2019-09-26,Zhuhai,R16,Hard,3,Adrian Mannarino,Stefanos Tsitsipas,player1,top_10,0.3778530832176817,3.5,3.42,selected,average_proxy,200.0,3.45,0.023391812865497075,0.2677824267782427,1.0669642857142856,0.11007065643943897,0.3224857912618858,0.3035931371010018,0.03224857912618858,,True,True,1.0,2.5,2.45
2019-09-30,2019-09-30,Beijing,R32,Hard,3,Frances Tiafoe,Alexander Zverev,player2,top_10,0.529455577583688,2.75,2.9,selected,average_proxy,200.0,2.715,-0.051724137931034475,0.3373493975903614,1.077922077922078,0.19210617999332658,0.456002838355142,0.4374718931397128,0.06514326262216315,,True,False,1.0,-1.0,-1.0
2019-09-30,2019-09-30,Beijing,R32,Hard,3,Pablo Cuevas,Karen Khachanov,player1,top_10,0.43753381332906194,2.5,2.55,selected,average_proxy,200.0,2.4699999999999998,-0.019607843137254832,0.375,1.0666666666666667,0.06253381332906194,0.09383453332265479,0.08070851892278286,0.01563908888710913,,True,False,1.0,-1.0,-1.0
2019-09-30,2019-10-01,Beijing,R32,Hard,3,Sam Querrey,Roberto Bautista Agut,player1,top_10,0.3744772811143826,3.4,3.58,selected,average_proxy,200.0,3.352,-0.05027932960893855,0.2765957446808511,1.0633484162895928,0.09788153643353154,0.2732227557889009,0.2552478462954104,0.02846070372801051,,True,True,1.0,2.4,2.352
2019-09-30,2019-10-01,Beijing,R32,Hard,3,Stefanos Tsitsipas,Dusan Lajovic,player1,top_10,0.8135762158587396,1.28,1.27,selected,average_proxy,200.0,1.2744,0.007874015748031482,0.7322175732217574,1.0669642857142856,0.08135864263698223,0.04137755629918674,0.03682152949037776,0.03694424669570244,,True,True,1.0,0.28,0.2744
2019-09-30,2019-10-02,Tokyo,R16,Hard,3,Go Soeda,Novak Djokovic,player2,top_10,0.087970602200236,13.0,13.19,selected,average_proxy,200.0,12.76,-0.014404852160727732,0.07407407407407408,1.0384615384615383,0.01389652812616192,0.14361782860306804,0.12250488407501137,0.002992038095897251,,True,False,1.0,-1.0,-1.0
2019-09-30,2019-10-03,Beijing,R16,Hard,3,Alexander Zverev,Felix Auger Aliassime,player1,top_10,0.8949855789123667,1.36,1.4,selected,average_proxy,200.0,1.3528000000000002,-0.02857142857142847,0.6880733944954128,1.0686274509803921,0.20691218441695391,0.21718038732081885,0.21073649115264992,0.15081971341723527,,True,True,1.0,0.3600000000000001,0.3528000000000002
2019-09-30,2019-10-03,Beijing,R16,Hard,3,Stefanos Tsitsipas,Nikoloz Basilashvili,player1,top_10,0.7553940224270065,1.53,1.5,selected,average_proxy,200.0,1.5194,0.020000000000000018,0.6076923076923076,1.0755356995118723,0.14770171473469884,0.15575285431331992,0.1477456776755937,0.07346832750628297,,True,True,1.0,0.53,0.5194000000000001
2019-09-30,2019-10-04,Beijing,QF,Hard,3,Alexander Zverev,Sam Querrey,player1,top_10,0.7877574197306859,1.33,1.31,selected,average_proxy,200.0,1.3234000000000001,0.01526717557251911,0.7188160676532769,1.0459973463069439,0.06894135207740903,0.04771736824181233,0.042518169271589856,0.03614952139531236,,True,True,1.0,0.33000000000000007,0.32340000000000013
2019-09-30,2019-10-04,Beijing,QF,Hard,3,Stefanos Tsitsipas,John Isner,player1,top_10,0.5735768233059104,1.8,1.78,selected,average_proxy,200.0,1.784,0.011235955056179803,0.5263157894736842,1.0555555555555556,0.04726103383222624,0.0324382819506388,0.023261052777744207,0.010136963109574626,,True,True,1.0,0.8,0.784
2019-09-30,2019-10-04,Beijing,QF,Hard,3,Karen Khachanov,Fabio Fognini,player1,top_10,0.7383991029540156,1.61,1.57,selected,average_proxy,200.0,1.5978,0.02547770700636942,0.588235294117647,1.0559006211180124,0.1501638088363686,0.18882255575596513,0.17981408669992616,0.07738629334260864,,True,True,1.0,0.6100000000000001,0.5978000000000001
2019-09-30,2019-10-05,Beijing,SF,Hard,3,Alexander Zverev,Stefanos Tsitsipas,player1,top_10,0.7767815309863053,1.66,1.7,selected,average_proxy,200.0,1.6467999999999998,-0.02352941176470591,0.5699481865284974,1.0569550930996714,0.20683334445780788,0.28945734143726676,0.2792038252282475,0.10964293236260106,,True,False,1.0,-1.0,-1.0
2019-09-30,2019-10-06,Tokyo,F,Hard,3,John Millman,Novak Djokovic,player2,top_10,0.10107316070368355,11.0,11.69,selected,average_proxy,200.0,10.8,-0.05902480752780148,0.08713692946058092,1.0432900432900432,0.013936231243102629,0.11180476774051906,0.09159013559978246,0.0027951191935129765,,True,False,1.0,-1.0,-1.0
2019-09-30,2019-10-06,Beijing,F,Hard,3,Stefanos Tsitsipas,Dominic Thiem,player1,top_10,0.6773483973929093,1.9,1.95,selected,average_proxy,200.0,1.882,-0.02564102564102566,0.5,1.0526315789473684,0.1773483973929093,0.28696195504652766,0.27476968389345524,0.07971165417959103,,True,False,1.0,-1.0,-1.0
2019-10-07,2019-10-08,Shanghai Masters,R32,Hard,4,Cameron Norrie,Daniil Medvedev,player1,top_10,0.1821598136870657,6.0,6.18,selected,average_proxy,200.0,5.9,-0.029126213592232997,0.15730337078651685,1.0595238095238095,0.024856442900548864,0.09295888212239423,0.07474290075368772,0.004647944106119711,,True,False,1.0,-1.0,-1.0
2019-10-07,2019-10-09,Shanghai Masters,R32,Hard,4,Jeremy Chardy,Alexander Zverev,player1,top_10,0.32986399652375337,3.5,3.87,selected,average_proxy,200.0,3.45,-0.09560723514211888,0.2677824267782427,1.0669642857142856,0.062081569745510656,0.1545239878331367,0.13803078800694912,0.01545239878331367,,True,False,1.0,-1.0,-1.0
2019-10-07,2019-10-09,Shanghai Masters,R32,Hard,4,Dominic Thiem,Pablo Carreno Busta,player2,top_10,0.7610314419696355,1.4,1.43,selected,average_proxy,200.0,1.392,-0.020979020979021046,0.6626506024096386,1.077922077922078,0.09838083955999688,0.06544401875748956,0.05935576722173247,0.040902511723430984,,True,True,1.0,0.3999999999999999,0.3919999999999999
2019-10-07,2019-10-09,Shanghai Masters,R32,Hard,4,Taylor Fritz,Karen Khachanov,player1,top_10,0.457376368581263,2.75,2.65,selected,average_proxy,200.0,2.715,0.037735849056603765,0.3373493975903614,1.077922077922078,0.1200269709909016,0.2577850135984734,0.2417768406981291,0.03682643051406763,,True,False,1.0,-1.0,-1.0
2019-10-07,2019-10-09,Shanghai Masters,R32,Hard,4,Stefanos Tsitsipas,Felix Auger Aliassime,player1,top_10,0.8133323375451672,1.4,1.41,selected,average_proxy,200.0,1.392,-0.007092198581560294,0.6626506024096386,1.077922077922078,0.15068173513552863,0.13866527256323402,0.1321586138628727,0.08666579535202128,,True,True,1.0,0.3999999999999999,0.3919999999999999
2019-10-07,2019-10-09,Shanghai Masters,R32,Hard,4,Novak Djokovic,Denis Shapovalov,player1,top_10,0.9786265533463339,1.1,1.08,selected,average_proxy,200.0,1.098,0.0185185185185186,0.8641975308641975,1.051948051948052,0.11442902248213638,0.07648920868096733,0.07453195557427467,0.19122302170241814,,True,True,1.0,0.10000000000000009,0.09800000000000009
2019-10-07,2019-10-10,Shanghai Masters,R16,Hard,4,Andrey Rublev,Alexander Zverev,player1,top_10,0.5831544576080369,2.37,2.41,selected,average_proxy,200.0,2.3426,-0.016597510373444035,0.398477157360406,1.058883603429278,0.18467730024763085,0.38207606453104737,0.3660976323925872,0.06972190958595754,,True,False,1.0,-1.0,-1.0
2019-10-07,2019-10-10,Shanghai Masters,R16,Hard,4,Matteo Berrettini,Roberto Bautista Agut,player1,top_10,0.6854820248904543,1.72,1.71,selected,average_proxy,200.0,1.7056,0.005847953216374213,0.549738219895288,1.0575858250276855,0.13574380499516625,0.17902908281158136,0.16915814165315884,0.06216287597624353,,True,True,1.0,0.72,0.7056
2019-10-07,2019-10-10,Shanghai Masters,R16,Hard,4,Karen Khachanov,Fabio Fognini,player2,top_10,0.7312917798796992,1.44,1.43,selected,average_proxy,200.0,1.4312,0.006993006993007089,0.6563245823389022,1.058080808080808,0.07496719754079695,0.05306016302676675,0.046624795363825466,0.03014781990157202,,True,False,1.0,-1.0,-1.0
2019-10-07,2019-10-10,Shanghai Masters,R16,Hard,4,Vasek Pospisil,Daniil Medvedev,player1,top_10,0.23953241246827942,8.0,7.91,selected,average_proxy,200.0,7.859999999999999,0.011378002528444897,0.11894273127753305,1.0509259259259258,0.12058968119074637,0.9162592997462353,0.882724762000676,0.032723546419508406,,True,False,1.0,-1.0,-1.0
2019-10-07,2019-10-10,Shanghai Masters,R16,Hard,4,Stefanos Tsitsipas,Hubert Hurkacz,player2,top_10,0.7398602857852181,1.4,1.38,selected,average_proxy,200.0,1.392,0.01449275362318847,0.6818181818181818,1.0476190476190477,0.05804210396703635,0.0358044000993053,0.029885517813023565,0.022377750062065816,,True,True,1.0,0.3999999999999999,0.3919999999999999
2019-10-07,2019-10-11,Shanghai Masters,QF,Hard,4,Fabio Fognini,Daniil Medvedev,player1,top_10,0.287654323210395,4.33,4.42,selected,average_proxy,200.0,4.2634,-0.020361990950226172,0.2198198198198198,1.0506190133646311,0.06783450339057523,0.24554321950101043,0.22638544157519802,0.018434175638213996,,True,False,1.0,-1.0,-1.0
2019-10-07,2019-10-11,Shanghai Masters,QF,Hard,4,Novak Djokovic,Stefanos Tsitsipas,player1,top_10,0.9154677660983942,1.14,1.11,selected,average_proxy,200.0,1.1372,0.02702702702702675,0.8283132530120482,1.0590111642743223,0.08715451308634603,0.043633253352169304,0.04106994360709387,0.07791652384315953,,True,False,1.0,-1.0,-1.0
2019-10-07,2019-10-13,Shanghai Masters,F,Hard,4,Daniil Medvedev,Alexander Zverev,player1,top_10,0.7950203859583409,1.53,1.54,selected,average_proxy,200.0,1.5194,-0.006493506493506551,0.6203473945409429,1.05359477124183,0.174672991417398,0.2163811905162616,0.20795397442510322,0.10206659930012339,,True,True,1.0,0.53,0.5194000000000001
2019-10-14,2019-10-18,Moscow,QF,Hard,3,Andreas Seppi,Karen Khachanov,player2,top_10,0.2847693657806182,3.75,3.6,selected,average_proxy,200.0,3.695,0.04166666666666674,0.25447316103379725,1.0479166666666666,0.03029620474682093,0.0678851216773182,0.05222280655938416,0.006171374697938018,,True,True,1.0,2.75,2.695
2019-10-21,2019-10-21,Basel,R32,Hard,3,Hugo Dellien,Alex De Minaur,player1,other,0.13675161186197868,8.0,8.31,selected,average_proxy,200.0,7.859999999999999,-0.03730445246690739,0.11894273127753305,1.0509259259259258,0.01780888058444563,0.09401289489582942,0.07486766923515231,0.003357603389136765,,True,False,1.0,-1.0,-1.0
2019-10-21,2019-10-21,Vienna,R32,Hard,3,Hubert Hurkacz,Karen Khachanov,player1,top_10,0.502362788785251,2.2,2.4,selected,average_proxy,200.0,2.176,-0.08333333333333326,0.4225721784776903,1.0756634669678147,0.07979061030756068,0.10519813532755229,0.09314142839670625,0.021916278193240057,,True,False,1.0,-1.0,-1.0
2019-10-21,2019-10-22,Basel,R32,Hard,3,Taylor Fritz,Alexander Zverev,player1,top_10,0.4691336492054341,4.0,4.03,selected,average_proxy,200.0,3.94,-0.007444168734491385,0.23371647509578544,1.069672131147541,0.23541717410964866,0.8765345968217364,0.8483865778694104,0.0730445497351447,,True,True,1.0,3.0,2.94
2019-10-21,2019-10-22,Basel,R32,Hard,3,Marius Copil,Roberto Bautista Agut,player1,top_10,0.4114842811771885,3.25,3.61,selected,average_proxy,200.0,3.205,-0.09972299168975063,0.2903930131004367,1.059572006940428,0.1210912680767518,0.3373239138258626,0.3188071211728891,0.03748043486954029,,True,False,1.0,-1.0,-1.0
2019-10-21,2019-10-23,Vienna,R32,Hard,3,Adrian Mannarino,Sam Querrey,player1,other,0.47691281324083684,2.2,2.23,selected,average_proxy,200.0,2.176,-0.013452914798206206,0.4225721784776903,1.0756634669678147,0.054340634763146545,0.04920818912984115,0.03776228161206108,0.010251706068716905,,True,False,1.0,-1.0,-1.0
2019-10-21,2019-10-23,Vienna,R16,Hard,3,Marton Fucsovics,Karen Khachanov,player1,top_10,0.4015132413521338,3.0,2.96,selected,average_proxy,200.0,2.96,0.013513513513513598,0.3119266055045871,1.0686274509803921,0.08958663584754667,0.20453972405640142,0.18847919440231609,0.025567465507050177,,True,False,1.0,-1.0,-1.0
2019-10-21,2019-10-24,Basel,R16,Hard,3,Richard Gasquet,Roberto Bautista Agut,player1,top_10,0.3333210396251347,3.25,3.04,selected,average_proxy,200.0,3.205,0.06907894736842102,0.2903930131004367,1.059572006940428,0.042928026524698015,0.08329337878168785,0.06829393199855671,0.009254819864631983,,True,False,1.0,-1.0,-1.0
2019-10-21,2019-10-24,Basel,R16,Hard,3,Ricardas Berankis,Stefanos Tsitsipas,player1,top_10,0.2677070341462574,4.33,5.04,selected,average_proxy,200.0,4.2634,-0.14087301587301582,0.21699819168173598,1.0642802155504234,0.050708842464521425,0.15917145785329456,0.14134216937915378,0.011949809148145238,,True,False,1.0,-1.0,-1.0
2019-10-21,2019-10-24,Basel,R16,Hard,3,Frances Tiafoe,Stan Wawrinka,player2,other,0.3264923399297105,3.25,3.52,selected,average_proxy,200.0,3.205,-0.07670454545454541,0.2903930131004367,1.059572006940428,0.0360993268292738,0.06110010477155914,0.046407949474722154,0.006788900530173237,,True,False,1.0,-1.0,-1.0
2019-10-21,2019-10-24,Vienna,R16,Hard,3,Fernando Verdasco,Dominic Thiem,player2,top_10,0.34018649664900824,4.0,3.97,selected,average_proxy,200.0,3.94,0.007556675062972307,0.23371647509578544,1.069672131147541,0.1064700215532228,0.36074598659603296,0.34033479679709244,0.030062165549669412,,True,False,1.0,-1.0,-1.0
2019-10-21,2019-10-25,Basel,QF,Hard,3,Roberto Bautista Agut,Reilly Opelka,player1,top_10,0.8425689556435927,1.5,1.46,selected,average_proxy,200.0,1.49,0.027397260273972712,0.6359223300970874,1.0483460559796436,0.20664662554650526,0.26385343346538903,0.2554277439089531,0.13192671673269452,,True,False,1.0,-1.0,-1.0
2019-10-21,2019-10-25,Basel,QF,Hard,3,Roger Federer,Stan Wawrinka,player1,top_10,0.866583176724343,1.2,1.18,selected,average_proxy,200.0,1.196,0.016949152542372836,0.7894736842105263,1.0555555555555556,0.07710949251381671,0.039899812069211615,0.036433479362314225,0.04987476508651453,,True,True,1.0,0.19999999999999996,0.19599999999999995
2019-10-21,2019-10-25,Vienna,QF,Hard,3,Karen Khachanov,Diego Schwartzman,player2,top_10,0.6972931288853603,1.57,1.6,selected,average_proxy,200.0,1.5586000000000002,-0.018750000000000044,0.6015228426395939,1.058883603429278,0.09577028624576644,0.09475021235001574,0.08680107068072274,0.04155711067983146,,True,False,1.0,-1.0,-1.0
2019-10-21,2019-10-26,Basel,SF,Hard,3,Roger Federer,Stefanos Tsitsipas,player1,top_10,0.891483987540644,1.28,1.28,selected,average_proxy,200.0,1.2744,0.0,0.7455268389662029,1.0479166666666666,0.1459571485744411,0.1410995040520243,0.13610719372179664,0.12598170004645023,,True,True,1.0,0.28,0.2744
2019-10-21,2019-10-26,Vienna,SF,Hard,3,Dominic Thiem,Matteo Berrettini,player1,top_10,0.7905513420815987,1.61,1.62,selected,average_proxy,200.0,1.5978,-0.006172839506172867,0.588235294117647,1.0559006211180124,0.20231604796395175,0.272787660751374,0.26314293437797853,0.11179822161941556,,True,True,1.0,0.6100000000000001,0.5978000000000001
2019-10-21,2019-10-27,Vienna,F,Hard,3,Dominic Thiem,Diego Schwartzman,player2,top_10,0.8272377020247093,1.28,1.29,selected,average_proxy,200.0,1.2744,-0.007751937984496138,0.7455268389662029,1.0479166666666666,0.08171086305850639,0.05886425859162786,0.05423172746028945,0.05255737374252487,,True,True,1.0,0.28,0.2744
2019-10-28,2019-10-29,Paris Masters,R32,Hard,4,Jan Lennard Struff,Karen Khachanov,player1,top_10,0.4753500242113906,2.5,2.46,selected,average_proxy,200.0,2.4699999999999998,0.016260162601626105,0.375,1.0666666666666667,0.10035002421139061,0.18837506052847652,0.17411455980213464,0.03139584342141275,,True,True,1.0,1.5,1.4699999999999998
2019-10-28,2019-10-29,Paris Masters,R32,Hard,4,Jeremy Chardy,Daniil Medvedev,player1,top_10,0.228395275674367,5.5,5.5,selected,average_proxy,200.0,5.41,0.0,0.1716867469879518,1.0590111642743223,0.05670852868641518,0.2561740162090185,0.23561844139832555,0.014231889789389916,,True,True,1.0,4.5,4.41
2019-10-28,2019-10-30,Paris Masters,R32,Hard,4,Jo-Wilfried Tsonga,Matteo Berrettini,player1,top_10,0.6112989691299731,2.25,2.4,selected,average_proxy,200.0,2.225,-0.0625,0.4109947643979057,1.0813871196036802,0.20030420473206734,0.37542268054243944,0.3601402063141901,0.07508453610848789,,True,True,1.0,1.25,1.225
2019-10-28,2019-10-30,Paris Masters,R32,Hard,4,Milos Raonic,Dominic Thiem,player2,top_10,0.4392302985388732,2.37,2.47,selected,average_proxy,200.0,2.3426,-0.04048582995951422,0.39230769230769225,1.0755356995118723,0.04692260623118094,0.04097580753712948,0.02894089735716432,0.007477337141811949,,True,False,1.0,-1.0,-1.0
2019-10-28,2019-10-30,Paris Masters,R32,Hard,4,Taylor Fritz,Stefanos Tsitsipas,player1,top_10,0.5324818208036589,3.5,3.63,selected,average_proxy,200.0,3.45,-0.03581267217630846,0.2677824267782427,1.0669642857142856,0.2646993940254162,0.8636863728128062,0.8370622817726233,0.08636863728128062,,True,False,1.0,-1.0,-1.0
2019-10-28,2019-10-31,Paris Masters,R16,Hard,4,Stan Wawrinka,Rafael Nadal,player2,top_10,0.37935679030485425,4.0,4.13,selected,average_proxy,200.0,3.94,-0.03147699757869249,0.23809523809523808,1.05,0.14126155220961617,0.517427161219417,0.49466575380112565,0.04311893010161808,,True,False,1.0,-1.0,-1.0
2019-10-28,2019-10-31,Paris Masters,R16,Hard,4,Radu Albot,Gael Monfils,player2,other,0.27321596808842485,4.0,3.98,selected,average_proxy,200.0,3.94,0.005025125628140614,0.23809523809523808,1.05,0.03512072999318677,0.09286387235369942,0.07647091426839392,0.007738656029474951,,True,False,1.0,-1.0,-1.0
2019-10-28,2019-10-31,Paris Masters,R16,Hard,4,Denis Shapovalov,Alexander Zverev,player1,top_10,0.5081223887133854,2.75,2.91,selected,average_proxy,200.0,2.715,-0.054982817869415834,0.3436754176610979,1.058080808080808,0.16444697105228756,0.39733656896181,0.3795522853568414,0.05676236699454429,,True,True,1.0,1.75,1.7149999999999999
2019-10-28,2019-10-31,Paris Masters,R16,Hard,4,Alex De Minaur,Stefanos Tsitsipas,player1,top_10,0.487712360685144,2.37,2.34,selected,average_proxy,200.0,2.3426,0.012820512820512997,0.398477157360406,1.058883603429278,0.089235203324738,0.15587829482379134,0.14251497614101838,0.028444944310910828,,True,False,1.0,-1.0,-1.0
2019-10-28,2019-10-31,Paris Masters,R16,Hard,4,Kyle Edmund,Novak Djokovic,player1,top_10,0.1774517606078101,7.0,8.23,selected,average_proxy,200.0,6.88,-0.14945321992709604,0.13580246913580246,1.051948051948052,0.04164929147200763,0.24216232425467066,0.22086811298173337,0.01009009684394461,,True,False,1.0,-1.0,-1.0
2019-10-28,2019-11-01,Paris Masters,QF,Hard,4,Jo-Wilfried Tsonga,Rafael Nadal,player2,top_10,0.24768183361571194,5.0,5.47,selected,average_proxy,200.0,4.92,-0.08592321755027421,0.1883116883116883,1.0620689655172415,0.05937014530402365,0.23840916807855972,0.21859462138930275,0.014900573004909982,,True,False,1.0,-1.0,-1.0
2019-10-28,2019-11-02,Paris Masters,SF,Hard,4,Denis Shapovalov,Rafael Nadal,player1,top_10,0.3305389438710883,5.0,4.94,selected,average_proxy,200.0,4.92,0.012145748987854255,0.1883116883116883,1.0620689655172415,0.1422272555594,0.6526947193554414,0.6262516038457543,0.04079341995971509,,True,True,1.0,4.0,3.92
2019-10-28,2019-11-02,Paris Masters,SF,Hard,4,Novak Djokovic,Grigor Dimitrov,player1,top_10,0.941713030905967,1.12,1.1,selected,average_proxy,200.0,1.1176000000000001,0.0181818181818183,0.8426966292134831,1.0595238095238095,0.09901640169248394,0.054718594614683175,0.0524584833405089,0.11399707211392318,,True,True,1.0,0.1200000000000001,0.11760000000000015
2019-10-28,2019-11-03,Paris Masters,F,Hard,4,Denis Shapovalov,Novak Djokovic,player2,top_10,0.18676697889241023,6.0,5.98,selected,average_proxy,200.0,5.9,0.0033444816053511683,0.15730337078651685,1.0595238095238095,0.02946360810589338,0.12060187335446138,0.1019251754652204,0.006030093667723069,,True,False,1.0,-1.0,-1.0
2019-11-11,2019-11-11,Tour Finals,RR,Hard,1,Stefanos Tsitsipas,Daniil Medvedev,player1,top_10,0.3745824183174774,3.0,3.03,selected,average_proxy,200.0,2.96,-0.009900990099009799,0.3181818181818181,1.0476190476190477,0.056400600135659285,0.12374725495243222,0.10876395821973306,0.015468406869054027,,True,True,1.0,2.0,1.96
2019-11-11,2019-11-13,Tour Finals,RR,Hard,1,Stefanos Tsitsipas,Alexander Zverev,player1,top_10,0.5576151039636432,2.0,2.09,selected,average_proxy,200.0,1.98,-0.04306220095693769,0.47368421052631576,1.0555555555555556,0.08393089343732746,0.11523020792728644,0.10407790584801357,0.02880755198182161,,True,True,1.0,1.0,0.98
2019-11-11,2019-11-13,Tour Finals,RR,Hard,1,Daniil Medvedev,Rafael Nadal,player1,top_10,0.6301432169714838,1.72,1.71,selected,average_proxy,200.0,1.7056,0.005847953216374213,0.549738219895288,1.0575858250276855,0.08040499707619575,0.08384633319095208,0.07477227086656274,0.029113310135747254,,True,False,1.0,-1.0,-1.0
2019-11-11,2019-11-14,Tour Finals,RR,Hard,1,Dominic Thiem,Matteo Berrettini,player1,top_10,0.8247935662680239,1.36,1.36,selected,average_proxy,200.0,1.3528000000000002,0.0,0.7017543859649122,1.0477941176470589,0.12303918030311167,0.12171925012451262,0.11578073644738296,0.08452725703091152,,True,False,1.0,-1.0,-1.0
2019-11-11,2019-11-14,Tour Finals,RR,Hard,1,Novak Djokovic,Roger Federer,player2,top_10,0.7966447935498379,1.36,1.37,selected,average_proxy,200.0,1.3528000000000002,-0.007299270072992692,0.7017543859649122,1.0477941176470589,0.09489040758492562,0.08343691922777957,0.07770107671422083,0.05794230501929135,,True,False,1.0,-1.0,-1.0
2019-11-11,2019-11-15,Tour Finals,RR,Hard,1,Alexander Zverev,Daniil Medvedev,player1,top_10,0.7262329437037782,1.9,1.92,selected,average_proxy,200.0,1.882,-0.01041666666666663,0.5,1.0526315789473684,0.22623294370377822,0.3798425930371786,0.36677040005051054,0.10551183139921629,,True,True,1.0,0.8999999999999999,0.8819999999999999
2019-11-11,2019-11-15,Tour Finals,RR,Hard,1,Stefanos Tsitsipas,Rafael Nadal,player1,top_10,0.4319282605203663,2.75,2.93,selected,average_proxy,200.0,2.715,-0.061433447098976135,0.3436754176610979,1.058080808080808,0.08825284285926843,0.18780271643100732,0.17268522731279445,0.026828959490143904,,True,False,1.0,-1.0,-1.0
2019-11-11,2019-11-16,Tour Finals,SF,Hard,1,Alexander Zverev,Dominic Thiem,player1,top_10,0.6016492944709725,2.0,2.06,selected,average_proxy,200.0,1.98,-0.029126213592232997,0.47368421052631576,1.0555555555555556,0.12796508394465672,0.20329858894194497,0.1912656030525255,0.05082464723548624,,True,False,1.0,-1.0,-1.0
2019-11-11,2019-11-17,Tour Finals,F,Hard,1,Stefanos Tsitsipas,Dominic Thiem,player1,top_10,0.6043752803714844,2.0,1.96,selected,average_proxy,200.0,1.98,0.020408163265306145,0.47368421052631576,1.0555555555555556,0.1306910698451686,0.20875056074296872,0.19666305513553906,0.05218764018574218,,True,True,1.0,1.0,0.98
