tourney_name_original,tourney_name_canonical
2025 ATP 's-Hertogenbosch Results and Forecast,2025 ATP 's-Hertogenbosch Results and Forecast
2025 ATP Acapulco Results and Forecast,2025 ATP Acapulco Results and Forecast
2025 ATP Adelaide Results and Forecast,2025 ATP Adelaide Results and Forecast
2025 ATP Almaty Results and Forecast,2025 ATP Almaty Results and Forecast
2025 ATP Auckland Results and Forecast,2025 ATP Auckland Results and Forecast
2025 ATP Bastad Results and Forecast,2025 ATP Bastad Results and Forecast
2025 ATP Brussels Results and Forecast,2025 ATP Brussels Results and Forecast
2025 ATP Bucharest Results and Forecast,2025 ATP Bucharest Results and Forecast
2025 ATP Buenos Aires Results and Forecast,2025 ATP Buenos Aires Results and Forecast
2025 ATP Chengdu Results and Forecast,2025 ATP Chengdu Results and Forecast
2025 ATP Cincinnati Results and Forecast,2025 ATP Cincinnati Results and Forecast
2025 ATP Delray Beach Results and Forecast,2025 ATP Delray Beach Results and Forecast
2025 ATP Doha Results and Forecast,2025 ATP Doha Results and Forecast
2025 ATP Eastbourne Results and Forecast,2025 ATP Eastbourne Results and Forecast
2025 ATP Geneva Results and Forecast,2025 ATP Geneva Results and Forecast
2025 ATP Gstaad Results and Forecast,2025 ATP Gstaad Results and Forecast
2025 ATP Hamburg Results and Forecast,2025 ATP Hamburg Results and Forecast
2025 ATP Hangzhou Results and Forecast,2025 ATP Hangzhou Results and Forecast
2025 ATP Hong Kong Results and Forecast,2025 ATP Hong Kong Results and Forecast
2025 ATP Houston Results and Forecast,2025 ATP Houston Results and Forecast
2025 ATP Kitzbuhel Results and Forecast,2025 ATP Kitzbuhel Results and Forecast
2025 ATP London Results and Forecast,2025 ATP London Results and Forecast
2025 ATP Los Cabos Results and Forecast,2025 ATP Los Cabos Results and Forecast
2025 ATP Madrid Results and Forecast,2025 ATP Madrid Results and Forecast
2025 ATP Mallorca Results and Forecast,2025 ATP Mallorca Results and Forecast
2025 ATP Marrakech Results and Forecast,2025 ATP Marrakech Results and Forecast
2025 ATP Marseille Results and Forecast,2025 ATP Marseille Results and Forecast
2025 ATP Metz Results and Forecast,2025 ATP Metz Results and Forecast
2025 ATP Montpellier Results and Forecast,2025 ATP Montpellier Results and Forecast
2025 ATP Munich Results and Forecast,2025 ATP Munich Results and Forecast
2025 ATP Santiago Results and Forecast,2025 ATP Santiago Results and Forecast
2025 ATP Stockholm Results and Forecast,2025 ATP Stockholm Results and Forecast
2025 ATP Stuttgart Results and Forecast,2025 ATP Stuttgart Results and Forecast
2025 ATP Umag Results and Forecast,2025 ATP Umag Results and Forecast
2025 ATP Washington Results and Forecast,2025 ATP Washington Results and Forecast
"2025 Auckland Tournament Results, Stats, and Analysis","2025 Auckland Tournament Results, Stats, and Analysis"
2025 ATP Barcelona Results and Forecast,"2025 Barcelona Tournament Results, Stats, and Analysis"
"2025 Barcelona Tournament Results, Stats, and Analysis","2025 Barcelona Tournament Results, Stats, and Analysis"
2025 ATP Basel Results and Forecast,"2025 Basel Tournament Results, Stats, and Analysis"
"2025 Basel Tournament Results, Stats, and Analysis","2025 Basel Tournament Results, Stats, and Analysis"
"2025 Bastad Tournament Results, Stats, and Analysis","2025 Bastad Tournament Results, Stats, and Analysis"
2025 ATP Beijing Results and Forecast,"2025 Beijing Tournament Results, Stats, and Analysis"
"2025 Beijing Tournament Results, Stats, and Analysis","2025 Beijing Tournament Results, Stats, and Analysis"
2025 ATP Brisbane Results and Forecast,"2025 Brisbane Tournament Results, Stats, and Analysis"
"2025 Brisbane Tournament Results, Stats, and Analysis","2025 Brisbane Tournament Results, Stats, and Analysis"
"2025 Buenos Aires Tournament Results, Stats, and Analysis","2025 Buenos Aires Tournament Results, Stats, and Analysis"
2025 ATP Toronto Results and Forecast,"2025 Canada Masters Tournament Results, Stats, and Analysis"
"2025 Canada Masters Tournament Results, Stats, and Analysis","2025 Canada Masters Tournament Results, Stats, and Analysis"
2025 ATP Dallas Results and Forecast,"2025 Dallas Tournament Results, Stats, and Analysis"
"2025 Dallas Tournament Results, Stats, and Analysis","2025 Dallas Tournament Results, Stats, and Analysis"
"2025 Delray Beach Tournament Results, Stats, and Analysis","2025 Delray Beach Tournament Results, Stats, and Analysis"
2025 ATP Dubai Results and Forecast,"2025 Dubai Tournament Results, Stats, and Analysis"
"2025 Dubai Tournament Results, Stats, and Analysis","2025 Dubai Tournament Results, Stats, and Analysis"
"2025 Eastbourne Tournament Results, Stats, and Analysis","2025 Eastbourne Tournament Results, Stats, and Analysis"
2025 ATP Halle Results and Forecast,"2025 Halle Tournament Results, Stats, and Analysis"
"2025 Halle Tournament Results, Stats, and Analysis","2025 Halle Tournament Results, Stats, and Analysis"
2025 ATP Indian Wells Results and Forecast,"2025 Indian Wells Masters Tournament Results, Stats, and Analysis"
"2025 Indian Wells Masters Tournament Results, Stats, and Analysis","2025 Indian Wells Masters Tournament Results, Stats, and Analysis"
"2025 Laver Cup Tournament Results, Stats, and Analysis","2025 Laver Cup Tournament Results, Stats, and Analysis"
"2025 Marrakech Tournament Results, Stats, and Analysis","2025 Marrakech Tournament Results, Stats, and Analysis"
"2025 Metz Tournament Results, Stats, and Analysis","2025 Metz Tournament Results, Stats, and Analysis"
2025 ATP Miami Results and Forecast,"2025 Miami Masters Tournament Results, Stats, and Analysis"
"2025 Miami Masters Tournament Results, Stats, and Analysis","2025 Miami Masters Tournament Results, Stats, and Analysis"
"2025 Monte Carlo Masters Tournament Results, Stats, and Analysis","2025 Monte Carlo Masters Tournament Results, Stats, and Analysis"
2025 ATP Paris Results and Forecast,"2025 Paris Masters Tournament Results, Stats, and Analysis"
"2025 Paris Masters Tournament Results, Stats, and Analysis","2025 Paris Masters Tournament Results, Stats, and Analysis"
"2025 Rio de Janeiro Tournament Results, Stats, and Analysis","2025 Rio de Janeiro Tournament Results, Stats, and Analysis"
2025 ATP Rome Results and Forecast,"2025 Rome Masters Tournament Results, Stats, and Analysis"
"2025 Rome Masters Tournament Results, Stats, and Analysis","2025 Rome Masters Tournament Results, Stats, and Analysis"
2025 ATP Rotterdam Results and Forecast,"2025 Rotterdam Tournament Results, Stats, and Analysis"
"2025 Rotterdam Tournament Results, Stats, and Analysis","2025 Rotterdam Tournament Results, Stats, and Analysis"
2025 ATP Shanghai Results and Forecast,"2025 Shanghai Masters Tournament Results, Stats, and Analysis"
"2025 Shanghai Masters Tournament Results, Stats, and Analysis","2025 Shanghai Masters Tournament Results, Stats, and Analysis"
"2025 Stockholm Tournament Results, Stats, and Analysis","2025 Stockholm Tournament Results, Stats, and Analysis"
"2025 Stuttgart Tournament Results, Stats, and Analysis","2025 Stuttgart Tournament Results, Stats, and Analysis"
2025 ATP Tokyo Results and Forecast,"2025 Tokyo Tournament Results, Stats, and Analysis"
"2025 Tokyo Tournament Results, Stats, and Analysis","2025 Tokyo Tournament Results, Stats, and Analysis"
"2025 Tour Finals Tournament Results, Stats, and Analysis","2025 Tour Finals Tournament Results, Stats, and Analysis"
2025 ATP Vienna Results and Forecast,"2025 Vienna Tournament Results, Stats, and Analysis"
"2025 Vienna Tournament Results, Stats, and Analysis","2025 Vienna Tournament Results, Stats, and Analysis"
Australian Open,Australian Open
Roland Garros,Roland Garros
US Open,US Open
Wimbledon,Wimbledon
