match_date,tourney_name,surface,round,winner_name,loser_name,score,w_ta_dr,w_ta_ace_pct,w_ta_df_pct,w_ta_1stin_pct,w_ta_1stwon_pct,w_ta_2ndwon_pct,w_ta_bpsvd_num,w_ta_bpsvd_den,w_ta_bpsvd_pct,l_ta_dr,l_ta_ace_pct,l_ta_df_pct,l_ta_1stin_pct,l_ta_1stwon_pct,l_ta_2ndwon_pct,l_ta_bpsvd_num,l_ta_bpsvd_den,l_ta_bpsvd_pct,minutes,source,ta_stats_source,source_profile_players,year,player_won,source_player,source_url,ta_more,ta_dr,ta_ace_pct,ta_df_pct,ta_1stin_pct,ta_1stwon_pct,ta_2ndwon_pct,ta_bpsvd_num,ta_bpsvd_den,ta_bpsvd_pct,winner_name_norm,loser_name_norm,score_norm,round_norm,match_key,tourney_level,draw_size
2025-08-25,US Open,Hard,F,Carlos Alcaraz,Jannik Sinner,6-2 3-6 6-1 6-4,1.56,0.11199999999999999,0.0,0.607,0.833,0.5710000000000001,0.0,1.0,0.0,0.64,0.018000000000000002,0.036000000000000004,0.48200000000000004,0.685,0.483,6.0,11.0,0.5454545454545454,162.0,player_profile_classic,player_profile_classic,"['Carlos Alcaraz', 'Jannik Sinner']",2025,,,,,,,,,,,,,,,,,,,G,128
2025-08-25,US Open,Hard,Q1,Andrea Collarini,Jan Choinski,7-6(4) 6-4,1.21,0.071,0.013999999999999999,0.6,0.667,0.607,3.0,6.0,0.5,0.83,0.051,0.0,0.684,0.63,0.44,5.0,9.0,0.5555555555555556,108.0,player_profile_classic,player_profile_classic,"['Andrea Collarini', 'Jan Choinski']",2025,,,,,,,,,,,,,,,,,,,G,128
2025-08-25,US Open,Hard,Q1,Andres Martin,Viktor Durasovic,6-2 6-3,1.73,0.061,0.061,0.5920000000000001,0.759,0.6,3.0,4.0,0.75,0.58,0.094,0.038,0.604,0.594,0.28600000000000003,2.0,7.0,0.2857142857142857,64.0,player_profile_classic,player_profile_classic,"['Andres Martin', 'Viktor Durasovic']",2025,,,,,,,,,,,,,,,,,,,G,128
2025-08-25,US Open,Hard,Q1,Arthur Cazaux,Mark Lajal,6-4 6-1,1.7,0.17300000000000001,0.038,0.654,0.794,0.5,2.0,3.0,0.6666666666666666,0.59,0.024,0.14300000000000002,0.452,0.579,0.391,1.0,5.0,0.2,65.0,player_profile_classic,player_profile_classic,"['Arthur Cazaux', 'Mark Lajal']",2025,,,,,,,,,,,,,,,,,,,G,128
2025-08-25,US Open,Hard,Q1,Beibit Zhukayev,Jack Pinnington Jones,3-6 7-6(6) 7-6(12),,,,,,,,,,,,,,,,,,,213.0,,,,2025,True,Beibit Zhukayev,https://www.tennisabstract.com/cgi-bin/player-classic.cgi?p=BeibitZhukayev,,0.95,0.11,0.081,0.544,0.757,0.40299999999999997,7.0,11.0,0.6363636363636364,BEIBIT ZHUKAYEV,JACK PINNINGTON JONES,3-6 7-6(6) 7-6(12),Q1,2025|2025-08-25|US Open|Q1|BEIBIT ZHUKAYEV|JACK PINNINGTON JONES|3-6 7-6(6) 7-6(12),G,128
2025-08-25,US Open,Hard,Q1,Beibit Zhukayev,Pinnington Jones,3-6 7-6(6) 7-6(12),,,,,,,,,,,,,,,,,,,213.0,,,,2025,False,Jack Pinnington Jones,https://www.tennisabstract.com/cgi-bin/player-classic.cgi?p=JackPinningtonJones,,1.06,0.086,0.086,0.609,0.718,0.46,4.0,7.0,0.5714285714285714,BEIBIT ZHUKAYEV,PINNINGTON JONES,3-6 7-6(6) 7-6(12),Q1,2025|2025-08-25|US Open|Q1|BEIBIT ZHUKAYEV|PINNINGTON JONES|3-6 7-6(6) 7-6(12),G,128
2025-08-25,US Open,Hard,Q1,Benjamin Hassan,Barrios Vera,6-2 7-6(3),,,,,,,,,,,,,,,,,,,88.0,,,,2025,False,Tomas Barrios Vera,https://www.tennisabstract.com/cgi-bin/player-classic.cgi?p=TomasBarriosVera,,0.74,0.027999999999999997,0.027999999999999997,0.708,0.529,0.524,6.0,10.0,0.6,BENJAMIN HASSAN,BARRIOS VERA,6-2 7-6(3),Q1,2025|2025-08-25|US Open|Q1|BENJAMIN HASSAN|BARRIOS VERA|6-2 7-6(3),G,128
2025-08-25,US Open,Hard,Q1,Benjamin Hassan,Tomas Barrios Vera,6-2 7-6(3),,,,,,,,,,,,,,,,,,,88.0,,,,2025,True,Benjamin Hassan,https://www.tennisabstract.com/cgi-bin/player-classic.cgi?p=BenjaminHassan,,1.35,0.14300000000000002,0.095,0.49200000000000005,0.935,0.375,1.0,3.0,0.3333333333333333,BENJAMIN HASSAN,TOMAS BARRIOS VERA,6-2 7-6(3),Q1,2025|2025-08-25|US Open|Q1|BENJAMIN HASSAN|TOMAS BARRIOS VERA|6-2 7-6(3),G,128
2025-08-25,US Open,Hard,Q1,Bernard Tomic,Patrick Kypson,6-4 6-4,,,,,,,,,,,,,,,,,,,85.0,,,,2025,True,Bernard Tomic,https://www.tennisabstract.com/cgi-bin/player-classic.cgi?p=BernardTomic,,1.7,0.214,0.0,0.625,0.8290000000000001,0.667,2.0,2.0,1.0,BERNARD TOMIC,PATRICK KYPSON,6-4 6-4,Q1,2025|2025-08-25|US Open|Q1|BERNARD TOMIC|PATRICK KYPSON|6-4 6-4,G,128
2025-08-25,US Open,Hard,Q1,Billy Harris,James Trotter,3-6 6-1 6-2,1.44,0.015,0.015,0.5670000000000001,0.6579999999999999,0.759,2.0,4.0,0.5,0.7,0.063,0.016,0.603,0.6579999999999999,0.44,0.0,5.0,0.0,105.0,player_profile_classic,player_profile_classic,"['Billy Harris', 'James Trotter']",2025,,,,,,,,,,,,,,,,,,,G,128
2025-08-25,US Open,Hard,Q1,Coleman Wong,Chris Rodesch,6-4 6-2,2.4,0.111,0.0,0.644,0.828,0.813,0.0,0.0,,0.42,0.066,0.049,0.721,0.659,0.353,0.0,0.0,,65.0,player_profile_classic,player_profile_classic,"['Coleman Wong', 'Chris Rodesch']",2025,,,,,,,,,,,,,,,,,,,G,128
2025-08-25,US Open,Hard,Q1,Cristian Garin,Yosuke Watanuki,6-4 6-4,1.19,0.0,0.0,0.6940000000000001,0.6509999999999999,0.526,3.0,5.0,0.6,0.84,0.032,0.048,0.5710000000000001,0.722,0.29600000000000004,5.0,9.0,0.5555555555555556,88.0,player_profile_classic,player_profile_classic,"['Cristian Garin', 'Yosuke Watanuki']",2025,,,,,,,,,,,,,,,,,,,G,128
2025-08-25,US Open,Hard,Q1,Daniel Elahi Galan,Den Ouden,6-1 7-5,,,,,,,,,,,,,,,,,,,86.0,,,,2025,False,Guy Den Ouden,https://www.tennisabstract.com/cgi-bin/player-classic.cgi?p=GuyDenOuden,,0.73,0.045,0.106,0.47,0.645,0.4,1.0,6.0,0.16666666666666666,DANIEL ELAHI GALAN,DEN OUDEN,6-1 7-5,Q1,2025|2025-08-25|US Open|Q1|DANIEL ELAHI GALAN|DEN OUDEN|6-1 7-5,G,128
2025-08-25,US Open,Hard,Q1,Daniel Elahi Galan,Guy Den Ouden,6-1 7-5,,,,,,,,,,,,,,,,,,,86.0,,,,2025,True,Daniel Elahi Galan,https://www.tennisabstract.com/cgi-bin/player-classic.cgi?p=DanielElahiGalan,,1.37,0.113,0.032,0.581,0.6940000000000001,0.5770000000000001,3.0,4.0,0.75,DANIEL ELAHI GALAN,GUY DEN OUDEN,6-1 7-5,Q1,2025|2025-08-25|US Open|Q1|DANIEL ELAHI GALAN|GUY DEN OUDEN|6-1 7-5,G,128
2025-08-25,US Open,Hard,Q1,Daniel Merida Aguilar,Dalibor Svrcina,1-6 6-3 7-5,,,,,,,,,,,,,,,,,,,119.0,,,,2025,False,Dalibor Svrcina,https://www.tennisabstract.com/cgi-bin/player-classic.cgi?p=DaliborSvrcina,,1.0,0.0,0.066,0.604,0.5820000000000001,0.444,10.0,16.0,0.625,DANIEL MERIDA AGUILAR,DALIBOR SVRCINA,1-6 6-3 7-5,Q1,2025|2025-08-25|US Open|Q1|DANIEL MERIDA AGUILAR|DALIBOR SVRCINA|1-6 6-3 7-5,G,128
2025-08-25,US Open,Hard,Q1,De Jong,Vilius Gaubas,6-3 6-4,,,,,,,,,,,,,,,,,,,104.0,,,,2025,True,Jesper De Jong,https://www.tennisabstract.com/cgi-bin/player-classic.cgi?p=JesperDeJong,,1.37,0.054000000000000006,0.107,0.5539999999999999,0.774,0.52,2.0,3.0,0.6666666666666666,DE JONG,VILIUS GAUBAS,6-3 6-4,Q1,2025|2025-08-25|US Open|Q1|DE JONG|VILIUS GAUBAS|6-3 6-4,G,128
2025-08-25,US Open,Hard,Q1,Dino Prizmic,Alexis Galarneau,7-6(7) 6-1,1.31,0.032,0.063,0.5870000000000001,0.6759999999999999,0.5770000000000001,5.0,7.0,0.7142857142857143,0.76,0.027999999999999997,0.027999999999999997,0.563,0.575,0.452,4.0,9.0,0.4444444444444444,102.0,player_profile_classic,player_profile_classic,"['Dino Prizmic', 'Alexis Galarneau']",2025,,,,,,,,,,,,,,,,,,,G,128
2025-08-25,US Open,Hard,Q1,Dmitry Popko,Seyboth Wild,7-6(4) 6-3,,,,,,,,,,,,,,,,,,,99.0,,,,2025,False,Thiago Seyboth Wild,https://www.tennisabstract.com/cgi-bin/player-classic.cgi?p=ThiagoSeybothWild,,0.87,0.094,0.016,0.625,0.8,0.45799999999999996,3.0,5.0,0.6,DMITRY POPKO,SEYBOTH WILD,7-6(4) 6-3,Q1,2025|2025-08-25|US Open|Q1|DMITRY POPKO|SEYBOTH WILD|7-6(4) 6-3,G,128
2025-08-25,US Open,Hard,Q1,Dmitry Popko,Thiago Seyboth Wild,7-6(4) 6-3,,,,,,,,,,,,,,,,,,,99.0,,,,2025,True,Dmitry Popko,https://www.tennisabstract.com/cgi-bin/player-classic.cgi?p=DmitryPopko,,1.15,0.114,0.028999999999999998,0.529,0.892,0.515,1.0,2.0,0.5,DMITRY POPKO,THIAGO SEYBOTH WILD,7-6(4) 6-3,Q1,2025|2025-08-25|US Open|Q1|DMITRY POPKO|THIAGO SEYBOTH WILD|7-6(4) 6-3,G,128
2025-08-25,US Open,Hard,Q1,Fajing Sun,Martin Tiffon,3-6 7-6(5) 4-1 RET,,,,,,,,,,,,,,,,,,,139.0,,,,2025,False,Pol Martin Tiffon,https://www.tennisabstract.com/cgi-bin/player-classic.cgi?p=PolMartinTiffon,,0.94,0.055999999999999994,0.079,0.528,0.66,0.47600000000000003,1.0,3.0,0.3333333333333333,FAJING SUN,MARTIN TIFFON,3-6 7-6(5) 4-1 RET,Q1,2025|2025-08-25|US Open|Q1|FAJING SUN|MARTIN TIFFON|3-6 7-6(5) 4-1 RET,G,128
2025-08-25,US Open,Hard,Q1,Fajing Sun,Pol Martin Tiffon,3-6 7-6(5) 4-1 RET,,,,,,,,,,,,,,,,,,,139.0,,,,2025,True,Fajing Sun,https://www.tennisabstract.com/cgi-bin/player-classic.cgi?p=FajingSun,,1.07,0.02,0.05,0.46,0.674,0.537,5.0,8.0,0.625,FAJING SUN,POL MARTIN TIFFON,3-6 7-6(5) 4-1 RET,Q1,2025|2025-08-25|US Open|Q1|FAJING SUN|POL MARTIN TIFFON|3-6 7-6(5) 4-1 RET,G,128
2025-08-25,US Open,Hard,Q1,Federico Agustin Gomez,Lukas Klein,6-2 6-4,1.55,0.12300000000000001,0.105,0.526,0.867,0.593,3.0,3.0,1.0,0.65,0.07400000000000001,0.019,0.537,0.759,0.4,4.0,7.0,0.5714285714285714,69.0,player_profile_classic,player_profile_classic,"['Federico Agustin Gomez', 'Lukas Klein']",2025,,,,,,,,,,,,,,,,,,,G,128
2025-08-25,US Open,Hard,Q1,Federico Cina,Dominic Stricker,6-2 6-2,1.81,0.044000000000000004,0.022000000000000002,0.622,0.821,0.529,1.0,2.0,0.5,0.55,0.045,0.045,0.43200000000000005,0.684,0.32,3.0,8.0,0.375,56.0,player_profile_classic,player_profile_classic,"['Federico Cina', 'Dominic Stricker']",2025,,,,,,,,,,,,,,,,,,,G,128
2025-08-25,US Open,Hard,Q1,Francesco Passaro,Yu Hsiou Hsu,6-3 1-6 6-4,0.98,0.076,0.063,0.532,0.7140000000000001,0.541,6.0,9.0,0.6666666666666666,1.02,0.026000000000000002,0.051,0.718,0.732,0.409,3.0,6.0,0.5,114.0,player_profile_classic,player_profile_classic,"['Francesco Passaro', 'Yu Hsiou Hsu']",2025,,,,,,,,,,,,,,,,,,,G,128
2025-08-25,US Open,Hard,Q1,Garrett Johns,Colton Smith,6-3 6-3,1.41,0.034,0.017,0.508,0.767,0.655,2.0,2.0,1.0,0.71,0.07400000000000001,0.07400000000000001,0.574,0.645,0.522,3.0,6.0,0.5,76.0,player_profile_classic,player_profile_classic,"['Garrett Johns', 'Colton Smith']",2025,,,,,,,,,,,,,,,,,,,G,128
2025-08-25,US Open,Hard,Q1,George Loffhagen,Jason Kubler,4-5 RET,1.51,0.16699999999999998,0.05,0.5,0.867,0.667,0.0,0.0,,0.66,0.10300000000000001,0.044000000000000004,0.588,0.675,0.607,5.0,7.0,0.7142857142857143,98.0,player_profile_classic,player_profile_classic,"['Jason Kubler', 'George Loffhagen']",2025,,,,,,,,,,,,,,,,,,,G,128
2025-08-25,US Open,Hard,Q1,Giulio Zeppieri,Hady Habib,4-6 7-6(7) 7-5,1.1,0.191,0.078,0.6,0.826,0.435,4.0,6.0,0.6666666666666666,0.91,0.102,0.071,0.7240000000000001,0.696,0.486,12.0,14.0,0.8571428571428571,153.0,player_profile_classic,player_profile_classic,"['Giulio Zeppieri', 'Hady Habib']",2025,,,,,,,,,,,,,,,,,,,G,128
2025-08-25,US Open,Hard,Q1,Harold Mayot,Johannus Monday,7-5 6-3,1.66,0.179,0.018000000000000002,0.589,0.909,0.522,1.0,2.0,0.5,0.6,0.031,0.046,0.631,0.634,0.5,5.0,8.0,0.625,89.0,player_profile_classic,player_profile_classic,"['Harold Mayot', 'Johannus Monday']",2025,,,,,,,,,,,,,,,,,,,G,128
2025-08-25,US Open,Hard,Q1,Henrique Rocha,Pierre Hugues Herbert,6-4 6-7(1) 6-4,1.39,0.077,0.022000000000000002,0.604,0.818,0.611,2.0,2.0,1.0,0.72,0.08199999999999999,0.067,0.612,0.732,0.48100000000000004,14.0,16.0,0.875,159.0,player_profile_classic,player_profile_classic,"['Henrique Rocha', 'Pierre Hugues Herbert']",2025,,,,,,,,,,,,,,,,,,,G,128
2025-08-25,US Open,Hard,Q1,Hugo Grenier,Omar Jasika,6-7(3) 6-3 6-3,1.11,0.08900000000000001,0.081,0.5479999999999999,0.691,0.321,9.0,15.0,0.6,0.9,0.0,0.026000000000000002,0.728,0.494,0.419,12.0,21.0,0.5714285714285714,183.0,player_profile_classic,player_profile_classic,"['Hugo Grenier', 'Omar Jasika']",2025,,,,,,,,,,,,,,,,,,,G,128
2025-08-25,US Open,Hard,Q1,Ignacio Buse,Lukas Neumayer,7-6(2) 6-7(5) 6-1,1.3,0.085,0.038,0.679,0.75,0.5589999999999999,4.0,6.0,0.6666666666666666,0.77,0.036000000000000004,0.063,0.532,0.695,0.48100000000000004,4.0,8.0,0.5,155.0,player_profile_classic,player_profile_classic,"['Ignacio Buse', 'Lukas Neumayer']",2025,,,,,,,,,,,,,,,,,,,G,128
2025-08-25,US Open,Hard,Q1,Jaime Faria,Rio Noguchi,3-6 6-4 6-3,1.2,0.127,0.038,0.62,0.735,0.467,6.0,10.0,0.6,0.83,0.011000000000000001,0.0,0.621,0.627,0.444,8.0,13.0,0.6153846153846154,110.0,player_profile_classic,player_profile_classic,"['Jaime Faria', 'Rio Noguchi']",2025,,,,,,,,,,,,,,,,,,,G,128
2025-08-25,US Open,Hard,Q1,James Duckworth,Facundo Bagnis,6-4 6-2,1.52,0.055,0.0,0.527,0.759,0.615,2.0,3.0,0.6666666666666666,0.66,0.076,0.106,0.515,0.588,0.469,8.0,12.0,0.6666666666666666,83.0,player_profile_classic,player_profile_classic,"['Facundo Bagnis', 'James Duckworth']",2025,,,,,,,,,,,,,,,,,,,G,128
2025-08-25,US Open,Hard,Q1,James Mccabe,Francesco Maestrelli,6-3 6-7(2) 6-4,1.14,0.07,0.01,0.58,0.69,0.5710000000000001,0.0,3.0,0.0,0.88,0.065,0.084,0.561,0.65,0.511,11.0,16.0,0.6875,161.0,player_profile_classic,player_profile_classic,"['Francesco Maestrelli', 'James Mccabe']",2025,,,,,,,,,,,,,,,,,,,G,128
2025-08-25,US Open,Hard,Q1,Jan Lennard Struff,Clement Chidekh,6-4 6-1,1.45,0.077,0.057999999999999996,0.615,0.688,0.5,3.0,6.0,0.5,0.69,0.017,0.068,0.542,0.43799999999999994,0.444,9.0,15.0,0.6,69.0,player_profile_classic,player_profile_classic,"['Clement Chidekh', 'Jan Lennard Struff']",2025,,,,,,,,,,,,,,,,,,,G,128
2025-08-25,US Open,Hard,Q1,Jay Clarke,Jack Satterfield,7-6(5) 6-1,1.61,0.032,0.016,0.613,0.789,0.667,2.0,2.0,1.0,0.62,0.062,0.015,0.585,0.684,0.444,2.0,4.0,0.5,94.0,player_profile_classic,player_profile_classic,"['Jay Clarke', 'Jack Satterfield']",2025,,,,,,,,,,,,,,,,,,,G,128
2025-08-25,US Open,Hard,Q1,Jerome Kym,Carlos Taberner,7-6(2) 6-1,1.72,0.196,0.018000000000000002,0.589,0.879,0.522,3.0,4.0,0.75,0.58,0.064,0.115,0.551,0.6509999999999999,0.4,2.0,6.0,0.3333333333333333,93.0,player_profile_classic,player_profile_classic,"['Jerome Kym', 'Carlos Taberner']",2025,,,,,,,,,,,,,,,,,,,G,128
2025-08-25,US Open,Hard,Q1,Jesper De Jong,Vilius Gaubas,6-3 6-4,,,,,,,,,,,,,,,,,,,104.0,,,,2025,False,Vilius Gaubas,https://www.tennisabstract.com/cgi-bin/player-classic.cgi?p=ViliusGaubas,,0.73,0.0,0.047,0.7440000000000001,0.578,0.409,9.0,13.0,0.6923076923076923,JESPER DE JONG,VILIUS GAUBAS,6-3 6-4,Q1,2025|2025-08-25|US Open|Q1|JESPER DE JONG|VILIUS GAUBAS|6-3 6-4,G,128
2025-08-25,US Open,Hard,Q1,Juan Manuel Cerundolo,Calvin Hemery,6-4 6-3,1.53,0.02,0.02,0.588,0.767,0.667,0.0,0.0,,0.65,0.028999999999999998,0.087,0.652,0.644,0.45799999999999996,2.0,5.0,0.4,91.0,player_profile_classic,player_profile_classic,"['Juan Manuel Cerundolo', 'Calvin Hemery']",2025,,,,,,,,,,,,,,,,,,,G,128
2025-08-25,US Open,Hard,Q1,Kimmer Coppejans,Alex Barrena,6-4 6-7(4) 6-3,,,,,,,,,,,,,,,,,,,154.0,,,,2025,True,Kimmer Coppejans,https://www.tennisabstract.com/cgi-bin/player-classic.cgi?p=KimmerCoppejans,,1.1,0.094,0.075,0.519,0.691,0.47100000000000003,7.0,11.0,0.6363636363636364,KIMMER COPPEJANS,ALEX BARRENA,6-4 6-7(4) 6-3,Q1,2025|2025-08-25|US Open|Q1|KIMMER COPPEJANS|ALEX BARRENA|6-4 6-7(4) 6-3,G,128
2025-08-25,US Open,Hard,Q1,Kyrian Jacquet,Liam Draxl,7-5 6-2,,,,,,,,,,,,,,,,,,,78.0,,,,2025,True,Kyrian Jacquet,https://www.tennisabstract.com/cgi-bin/player-classic.cgi?p=KyrianJacquet,,1.17,0.095,0.016,0.429,0.852,0.556,5.0,5.0,1.0,KYRIAN JACQUET,LIAM DRAXL,7-5 6-2,Q1,2025|2025-08-25|US Open|Q1|KYRIAN JACQUET|LIAM DRAXL|7-5 6-2,G,128
2025-08-25,US Open,Hard,Q1,Leandro Riedi,Luka Pavlovic,6-2 7-6(3),1.32,0.133,0.09300000000000001,0.5329999999999999,0.75,0.5429999999999999,5.0,7.0,0.7142857142857143,0.76,0.129,0.059000000000000004,0.565,0.6459999999999999,0.405,9.0,13.0,0.6923076923076923,97.0,player_profile_classic,player_profile_classic,"['Leandro Riedi', 'Luka Pavlovic']",2025,,,,,,,,,,,,,,,,,,,G,128
2025-08-25,US Open,Hard,Q1,Llamas Ruiz,Yannick Hanfmann,1-6 6-3 6-4,,,,,,,,,,,,,,,,,,,122.0,,,,2025,True,Pablo Llamas Ruiz,https://www.tennisabstract.com/cgi-bin/player-classic.cgi?p=PabloLlamasRuiz,,0.94,0.034,0.034,0.568,0.7,0.5529999999999999,9.0,11.0,0.8181818181818182,LLAMAS RUIZ,YANNICK HANFMANN,1-6 6-3 6-4,Q1,2025|2025-08-25|US Open|Q1|LLAMAS RUIZ|YANNICK HANFMANN|1-6 6-3 6-4,G,128
2025-08-25,US Open,Hard,Q1,Lloyd Harris,Daniel Evans,6-4 3-6 7-5,1.09,0.10099999999999999,0.045,0.517,0.7609999999999999,0.535,1.0,3.0,0.3333333333333333,0.92,0.046,0.027999999999999997,0.611,0.742,0.429,6.0,9.0,0.6666666666666666,157.0,player_profile_classic,player_profile_classic,"['Daniel Evans', 'Lloyd Harris']",2025,,,,,,,,,,,,,,,,,,,G,128
2025-08-25,US Open,Hard,Q1,Luca Van Assche,Dusan Lajovic,6-3 6-1,,,,,,,,,,,,,,,,,,,69.0,,,,2025,False,Dusan Lajovic,https://www.tennisabstract.com/cgi-bin/player-classic.cgi?p=DusanLajovic,,0.66,0.083,0.063,0.6459999999999999,0.581,0.294,5.0,10.0,0.5,LUCA VAN ASSCHE,DUSAN LAJOVIC,6-3 6-1,Q1,2025|2025-08-25|US Open|Q1|LUCA VAN ASSCHE|DUSAN LAJOVIC|6-3 6-1,G,128
2025-08-25,US Open,Hard,Q1,Marc Andrea Huesler,Stefano Napolitano,6-3 6-7(2) 6-4,1.86,0.195,0.0,0.585,0.833,0.765,2.0,3.0,0.6666666666666666,0.54,0.064,0.018000000000000002,0.555,0.721,0.531,6.0,9.0,0.6666666666666666,142.0,player_profile_classic,player_profile_classic,"['Marc Andrea Huesler', 'Stefano Napolitano']",2025,,,,,,,,,,,,,,,,,,,G,128
2025-08-25,US Open,Hard,Q1,Marco Trungelliti,Christopher Eubanks,7-5 3-6 6-3,1.07,0.028999999999999998,0.038,0.5670000000000001,0.627,0.622,7.0,9.0,0.7777777777777778,0.94,0.064,0.073,0.609,0.731,0.395,9.0,12.0,0.75,152.0,player_profile_classic,player_profile_classic,"['Christopher Eubanks', 'Marco Trungelliti']",2025,,,,,,,,,,,,,,,,,,,G,128
2025-08-25,US Open,Hard,Q1,Martin Damm,Stefano Travaglia,6-3 6-2,1.38,0.145,0.032,0.71,0.773,0.389,8.0,9.0,0.8888888888888888,0.72,0.048,0.016,0.5479999999999999,0.5589999999999999,0.5,2.0,6.0,0.3333333333333333,76.0,player_profile_classic,player_profile_classic,"['Martin Damm', 'Stefano Travaglia']",2025,,,,,,,,,,,,,,,,,,,G,128
2025-08-25,US Open,Hard,Q1,Martin Landaluce,Clement Tabur,6-4 6-4,1.35,0.113,0.019,0.604,0.75,0.47600000000000003,3.0,6.0,0.5,0.74,0.03,0.076,0.545,0.583,0.433,4.0,9.0,0.4444444444444444,92.0,player_profile_classic,player_profile_classic,"['Martin Landaluce', 'Clement Tabur']",2025,,,,,,,,,,,,,,,,,,,G,128
2025-08-25,US Open,Hard,Q1,Matteo Gigante,Edas Butvilas,3-6 6-4 6-2,1.07,0.0,0.098,0.47600000000000003,0.7440000000000001,0.465,6.0,10.0,0.6,0.93,0.091,0.045,0.545,0.625,0.5,7.0,12.0,0.5833333333333334,111.0,player_profile_classic,player_profile_classic,"['Matteo Gigante', 'Edas Butvilas']",2025,,,,,,,,,,,,,,,,,,,G,128
2025-08-25,US Open,Hard,Q1,Merida Aguilar,Dalibor Svrcina,1-6 6-3 7-5,,,,,,,,,,,,,,,,,,,119.0,,,,2025,True,Daniel Merida Aguilar,https://www.tennisabstract.com/cgi-bin/player-classic.cgi?p=DanielMeridaAguilar,,1.0,0.021,0.063,0.695,0.591,0.379,9.0,15.0,0.6,MERIDA AGUILAR,DALIBOR SVRCINA,1-6 6-3 7-5,Q1,2025|2025-08-25|US Open|Q1|MERIDA AGUILAR|DALIBOR SVRCINA|1-6 6-3 7-5,G,128
2025-08-25,US Open,Hard,Q1,Michael Zheng,Yasutaka Uchiyama,6-2 6-3,2.09,0.075,0.05,0.525,0.857,0.632,2.0,3.0,0.6666666666666666,0.48,0.028999999999999998,0.043,0.565,0.59,0.33299999999999996,7.0,12.0,0.5833333333333334,68.0,player_profile_classic,player_profile_classic,"['Michael Zheng', 'Yasutaka Uchiyama']",2025,,,,,,,,,,,,,,,,,,,G,128
2025-08-25,US Open,Hard,Q1,Mikhail Kukushkin,Andrea Pellegrino,7-6(4) 6-3,1.21,0.07,0.0,0.563,0.725,0.581,2.0,4.0,0.5,0.83,0.091,0.03,0.5,0.606,0.5760000000000001,6.0,9.0,0.6666666666666666,97.0,player_profile_classic,player_profile_classic,"['Andrea Pellegrino', 'Mikhail Kukushkin']",2025,,,,,,,,,,,,,,,,,,,G,128
2025-08-25,US Open,Hard,Q1,Mitchell Krueger,Rodriguez Taverna,6-3 5-7 6-1,,,,,,,,,,,,,,,,,,,118.0,,,,2025,False,Santiago Fa Rodriguez Taverna,https://www.tennisabstract.com/cgi-bin/player-classic.cgi?p=SantiagoFaRodriguezTaverna,,0.76,0.08,0.023,0.6779999999999999,0.5589999999999999,0.607,4.0,8.0,0.5,MITCHELL KRUEGER,RODRIGUEZ TAVERNA,6-3 5-7 6-1,Q1,2025|2025-08-25|US Open|Q1|MITCHELL KRUEGER|RODRIGUEZ TAVERNA|6-3 5-7 6-1,G,128
2025-08-25,US Open,Hard,Q1,Mitchell Krueger,Santiago Fa Rodriguez Taverna,6-3 5-7 6-1,,,,,,,,,,,,,,,,,,,118.0,,,,2025,True,Mitchell Krueger,https://www.tennisabstract.com/cgi-bin/player-classic.cgi?p=MitchellKrueger,,1.32,0.092,0.023,0.6779999999999999,0.78,0.46399999999999997,1.0,2.0,0.5,MITCHELL KRUEGER,SANTIAGO FA RODRIGUEZ TAVERNA,6-3 5-7 6-1,Q1,2025|2025-08-25|US Open|Q1|MITCHELL KRUEGER|SANTIAGO FA RODRIGUEZ TAVERNA|6-3 5-7 6-1,G,128
2025-08-25,US Open,Hard,Q1,Murphy Cassone,Thiago Monteiro,6-3 5-7 7-5,1.02,0.081,0.061,0.636,0.778,0.361,3.0,7.0,0.42857142857142855,0.98,0.053,0.043,0.628,0.7120000000000001,0.457,4.0,9.0,0.4444444444444444,143.0,player_profile_classic,player_profile_classic,"['Murphy Cassone', 'Thiago Monteiro']",2025,,,,,,,,,,,,,,,,,,,G,128
2025-08-25,US Open,Hard,Q1,Nikoloz Basilashvili,Gauthier Onclin,7-6(6) 5-7 6-1,1.13,0.075,0.092,0.5329999999999999,0.797,0.375,5.0,10.0,0.5,0.88,0.017,0.06,0.598,0.643,0.40399999999999997,5.0,11.0,0.45454545454545453,165.0,player_profile_classic,player_profile_classic,"['Nikoloz Basilashvili', 'Gauthier Onclin']",2025,,,,,,,,,,,,,,,,,,,G,128
2025-08-25,US Open,Hard,Q1,Oliver Crawford,Alex Bolt,5-7 6-4 6-4,0.98,0.073,0.055,0.655,0.708,0.447,7.0,10.0,0.7,1.02,0.069,0.01,0.627,0.6559999999999999,0.579,7.0,11.0,0.6363636363636364,143.0,player_profile_classic,player_profile_classic,"['Oliver Crawford', 'Alex Bolt']",2025,,,,,,,,,,,,,,,,,,,G,128
2025-08-25,US Open,Hard,Q1,Otto Virtanen,Benjamin Willwerth,6-7(5) 6-3 6-2,1.07,0.077,0.10300000000000001,0.632,0.77,0.465,8.0,9.0,0.8888888888888888,0.94,0.024,0.012,0.6,0.667,0.588,3.0,7.0,0.42857142857142855,106.0,player_profile_classic,player_profile_classic,"['Otto Virtanen', 'Benjamin Willwerth']",2025,,,,,,,,,,,,,,,,,,,G,128
2025-08-25,US Open,Hard,Q1,Pablo Llamas Ruiz,Yannick Hanfmann,1-6 6-3 6-4,,,,,,,,,,,,,,,,,,,122.0,,,,2025,False,Yannick Hanfmann,https://www.tennisabstract.com/cgi-bin/player-classic.cgi?p=YannickHanfmann,,1.06,0.079,0.013000000000000001,0.645,0.5920000000000001,0.778,2.0,4.0,0.5,PABLO LLAMAS RUIZ,YANNICK HANFMANN,1-6 6-3 6-4,Q1,2025|2025-08-25|US Open|Q1|PABLO LLAMAS RUIZ|YANNICK HANFMANN|1-6 6-3 6-4,G,128
2025-08-25,US Open,Hard,Q1,Pacheco Mendez,Sascha Gueymard Wayenburg,6-7(2) 6-3 6-1,,,,,,,,,,,,,,,,,,,137.0,,,,2025,True,Rodrigo Pacheco Mendez,https://www.tennisabstract.com/cgi-bin/player-classic.cgi?p=RodrigoPachecoMendez,,1.18,0.040999999999999995,0.040999999999999995,0.684,0.657,0.516,6.0,8.0,0.75,PACHECO MENDEZ,SASCHA GUEYMARD WAYENBURG,6-7(2) 6-3 6-1,Q1,2025|2025-08-25|US Open|Q1|PACHECO MENDEZ|SASCHA GUEYMARD WAYENBURG|6-7(2) 6-3 6-1,G,128
2025-08-25,US Open,Hard,Q1,Patrick Maloney,Elias Ymer,6-3 7-6(3),1.35,0.156,0.047,0.547,0.8859999999999999,0.586,0.0,1.0,0.0,0.74,0.12300000000000001,0.031,0.677,0.727,0.524,1.0,3.0,0.3333333333333333,91.0,player_profile_classic,player_profile_classic,"['Patrick Maloney', 'Elias Ymer']",2025,,,,,,,,,,,,,,,,,,,G,128
2025-08-25,US Open,Hard,Q1,Rei Sakamoto,Tyler Zink,4-6 7-5 7-6(8),,,,,,,,,,,,,,,,,,,171.0,,,,2025,True,Rei Sakamoto,https://www.tennisabstract.com/cgi-bin/player-classic.cgi?p=ReiSakamoto,,1.12,0.085,0.085,0.575,0.6559999999999999,0.622,4.0,7.0,0.5714285714285714,REI SAKAMOTO,TYLER ZINK,4-6 7-5 7-6(8),Q1,2025|2025-08-25|US Open|Q1|REI SAKAMOTO|TYLER ZINK|4-6 7-5 7-6(8),G,128
2025-08-25,US Open,Hard,Q1,Rodrigo Pacheco Mendez,Gueymard Wayenburg,6-7(2) 6-3 6-1,,,,,,,,,,,,,,,,,,,137.0,,,,2025,False,Sascha Gueymard Wayenburg,https://www.tennisabstract.com/cgi-bin/player-classic.cgi?p=SaschaGueymardWayenburg,,0.85,0.042,0.052000000000000005,0.563,0.574,0.5,7.0,13.0,0.5384615384615384,RODRIGO PACHECO MENDEZ,GUEYMARD WAYENBURG,6-7(2) 6-3 6-1,Q1,2025|2025-08-25|US Open|Q1|RODRIGO PACHECO MENDEZ|GUEYMARD WAYENBURG|6-7(2) 6-3 6-1,G,128
2025-08-25,US Open,Hard,Q1,Roman Andres Burruchaga,Justin Engel,3-6 6-3 7-5,1.26,0.051,0.038,0.628,0.7959999999999999,0.44799999999999995,0.0,3.0,0.0,0.79,0.098,0.049,0.598,0.639,0.488,8.0,12.0,0.6666666666666666,126.0,player_profile_classic,player_profile_classic,"['Justin Engel', 'Roman Andres Burruchaga']",2025,,,,,,,,,,,,,,,,,,,G,128
2025-08-25,US Open,Hard,Q1,Shintaro Mochizuki,Jurij Rodionov,6-2 4-6 6-2,1.2,0.021,0.07200000000000001,0.46399999999999997,0.622,0.5579999999999999,7.0,10.0,0.7,0.84,0.062,0.062,0.531,0.605,0.395,4.0,10.0,0.4,115.0,player_profile_classic,player_profile_classic,"['Shintaro Mochizuki', 'Jurij Rodionov']",2025,,,,,,,,,,,,,,,,,,,G,128
2025-08-25,US Open,Hard,Q1,Taro Daniel,Vitaliy Sachko,6-1 7-5,1.44,0.086,0.052000000000000005,0.552,0.75,0.5,1.0,3.0,0.3333333333333333,0.7,0.083,0.063,0.5,0.667,0.292,2.0,7.0,0.2857142857142857,73.0,player_profile_classic,player_profile_classic,"['Taro Daniel', 'Vitaliy Sachko']",2025,,,,,,,,,,,,,,,,,,,G,128
2025-08-25,US Open,Hard,Q1,Thiago Agustin Tirante,Jack Kennedy,6-4 6-4,1.25,0.147,0.015,0.588,0.775,0.429,8.0,10.0,0.8,0.8,0.055999999999999994,0.027999999999999997,0.625,0.511,0.593,5.0,9.0,0.5555555555555556,100.0,player_profile_classic,player_profile_classic,"['Thiago Agustin Tirante', 'Jack Kennedy']",2025,,,,,,,,,,,,,,,,,,,G,128
2025-08-25,US Open,Hard,Q1,Titouan Droguet,Alibek Kachmazov,6-1 4-2 RET,1.61,0.14300000000000002,0.048,0.619,0.769,0.625,1.0,1.0,1.0,0.62,0.0,0.027000000000000003,0.757,0.607,0.33299999999999996,3.0,6.0,0.5,52.0,player_profile_classic,player_profile_classic,"['Titouan Droguet', 'Alibek Kachmazov']",2025,,,,,,,,,,,,,,,,,,,G,128
2025-08-25,US Open,Hard,Q1,Ugo Blanchet,Borna Gojo,7-6(2) 3-6 6-3,0.91,0.065,0.009000000000000001,0.636,0.721,0.59,4.0,5.0,0.8,1.09,0.149,0.034,0.655,0.8420000000000001,0.433,0.0,1.0,0.0,125.0,player_profile_classic,player_profile_classic,"['Ugo Blanchet', 'Borna Gojo']",2025,,,,,,,,,,,,,,,,,,,G,128
2025-08-25,US Open,Hard,Q1,Van Assche,Dusan Lajovic,6-3 6-1,,,,,,,,,,,,,,,,,,,69.0,,,,2025,True,Luca Van Assche,https://www.tennisabstract.com/cgi-bin/player-classic.cgi?p=LucaVanAssche,,1.5,0.019,0.057999999999999996,0.7120000000000001,0.757,0.4,4.0,5.0,0.8,VAN ASSCHE,DUSAN LAJOVIC,6-3 6-1,Q1,2025|2025-08-25|US Open|Q1|VAN ASSCHE|DUSAN LAJOVIC|6-3 6-1,G,128
2025-08-25,US Open,Hard,Q1,Yibing Wu,Juan Pablo Ficovich,6-3 6-3,2.03,0.087,0.043,0.652,0.867,0.625,0.0,0.0,,0.49,0.085,0.051,0.5589999999999999,0.6970000000000001,0.385,4.0,7.0,0.5714285714285714,68.0,player_profile_classic,player_profile_classic,"['Juan Pablo Ficovich', 'Yibing Wu']",2025,,,,,,,,,,,,,,,,,,,G,128
2025-08-25,US Open,Hard,Q1,Yuta Shimizu,Sho Shimabukuro,6-7(3) 6-3 6-3,1.09,0.019,0.019,0.5770000000000001,0.6829999999999999,0.545,5.0,7.0,0.7142857142857143,0.92,0.040999999999999995,0.040999999999999995,0.531,0.6920000000000001,0.478,4.0,9.0,0.4444444444444444,135.0,player_profile_classic,player_profile_classic,"['Yuta Shimizu', 'Sho Shimabukuro']",2025,,,,,,,,,,,,,,,,,,,G,128
2025-08-25,US Open,Hard,Q1,Zachary Svajda,August Holmgren,6-2 7-6(1),3.06,0.17600000000000002,0.039,0.588,0.9,0.81,0.0,0.0,,0.33,0.14800000000000002,0.037000000000000005,0.593,0.7290000000000001,0.364,10.0,12.0,0.8333333333333334,86.0,player_profile_classic,player_profile_classic,"['Zachary Svajda', 'August Holmgren']",2025,,,,,,,,,,,,,,,,,,,G,128
2025-08-25,US Open,Hard,Q1,Zsombor Piros,Arthur Bouquier,7-5 7-6(2),1.1,0.053,0.026000000000000002,0.6970000000000001,0.679,0.609,2.0,5.0,0.4,0.91,0.21899999999999997,0.078,0.672,0.7440000000000001,0.381,2.0,6.0,0.3333333333333333,87.0,player_profile_classic,player_profile_classic,"['Zsombor Piros', 'Arthur Bouquier']",2025,,,,,,,,,,,,,,,,,,,G,128
2025-08-25,US Open,Hard,Q2,Arthur Cazaux,Jay Clarke,6-3 6-4,1.32,0.1,0.0,0.617,0.73,0.391,4.0,7.0,0.5714285714285714,0.76,0.053,0.053,0.684,0.513,0.389,1.0,6.0,0.16666666666666666,95.0,player_profile_classic,player_profile_classic,"['Arthur Cazaux', 'Jay Clarke']",2025,,,,,,,,,,,,,,,,,,,G,128
2025-08-25,US Open,Hard,Q2,Billy Harris,Mikhail Kukushkin,6-7(5) 6-3 6-2,1.32,0.07200000000000001,0.012,0.6629999999999999,0.691,0.679,3.0,5.0,0.6,0.76,0.02,0.01,0.545,0.7040000000000001,0.444,4.0,10.0,0.4,156.0,player_profile_classic,player_profile_classic,"['Billy Harris', 'Mikhail Kukushkin']",2025,,,,,,,,,,,,,,,,,,,G,128
2025-08-25,US Open,Hard,Q2,Coleman Wong,Matteo Gigante,4-6 6-3 7-5,1.03,0.065,0.027999999999999997,0.546,0.78,0.34700000000000003,6.0,10.0,0.6,0.97,0.055,0.121,0.44,0.65,0.51,7.0,12.0,0.5833333333333334,134.0,player_profile_classic,player_profile_classic,"['Coleman Wong', 'Matteo Gigante']",2025,,,,,,,,,,,,,,,,,,,G,128
2025-08-25,US Open,Hard,Q2,Daniel Elahi Galan,Patrick Maloney,6-4 6-2,1.24,0.031,0.092,0.6920000000000001,0.733,0.45,7.0,7.0,1.0,0.81,0.035,0.018000000000000002,0.737,0.619,0.4,5.0,8.0,0.625,86.0,player_profile_classic,player_profile_classic,"['Daniel Elahi Galan', 'Patrick Maloney']",2025,,,,,,,,,,,,,,,,,,,G,128
2025-08-25,US Open,Hard,Q2,Daniel Merida Aguilar,Titouan Droguet,6-4 3-6 6-4,,,,,,,,,,,,,,,,,,,114.0,,,,2025,False,Titouan Droguet,https://www.tennisabstract.com/cgi-bin/player-classic.cgi?p=TitouanDroguet,,0.76,0.061,0.03,0.495,0.7140000000000001,0.54,3.0,5.0,0.6,DANIEL MERIDA AGUILAR,TITOUAN DROGUET,6-4 3-6 6-4,Q2,2025|2025-08-25|US Open|Q2|DANIEL MERIDA AGUILAR|TITOUAN DROGUET|6-4 3-6 6-4,G,128
2025-08-25,US Open,Hard,Q2,De Jong,Harold Mayot,7-6(11) 6-7(4) 6-3,,,,,,,,,,,,,,,,,,,193.0,,,,2025,True,Jesper De Jong,https://www.tennisabstract.com/cgi-bin/player-classic.cgi?p=JesperDeJong,,1.13,0.11800000000000001,0.042,0.5710000000000001,0.75,0.49,1.0,5.0,0.2,DE JONG,HAROLD MAYOT,7-6(11) 6-7(4) 6-3,Q2,2025|2025-08-25|US Open|Q2|DE JONG|HAROLD MAYOT|7-6(11) 6-7(4) 6-3,G,128
2025-08-25,US Open,Hard,Q2,Dino Prizmic,Murphy Cassone,6-3 6-2,1.3,0.076,0.091,0.561,0.8109999999999999,0.517,8.0,8.0,1.0,0.77,0.043,0.043,0.565,0.654,0.5,2.0,5.0,0.4,78.0,player_profile_classic,player_profile_classic,"['Dino Prizmic', 'Murphy Cassone']",2025,,,,,,,,,,,,,,,,,,,G,128
2025-08-25,US Open,Hard,Q2,Federico Agustin Gomez,Federico Cina,6-3 2-6 7-5,0.94,0.115,0.073,0.594,0.825,0.359,5.0,8.0,0.625,1.07,0.051,0.063,0.6709999999999999,0.736,0.5,3.0,6.0,0.5,113.0,player_profile_classic,player_profile_classic,"['Federico Agustin Gomez', 'Federico Cina']",2025,,,,,,,,,,,,,,,,,,,G,128
2025-08-25,US Open,Hard,Q2,Francesco Passaro,Pacheco Mendez,4-6 7-6(2) 6-4,,,,,,,,,,,,,,,,,,,138.0,,,,2025,False,Rodrigo Pacheco Mendez,https://www.tennisabstract.com/cgi-bin/player-classic.cgi?p=RodrigoPachecoMendez,,0.92,0.019,0.028999999999999998,0.625,0.6459999999999999,0.6409999999999999,8.0,10.0,0.8,FRANCESCO PASSARO,PACHECO MENDEZ,4-6 7-6(2) 6-4,Q2,2025|2025-08-25|US Open|Q2|FRANCESCO PASSARO|PACHECO MENDEZ|4-6 7-6(2) 6-4,G,128
2025-08-25,US Open,Hard,Q2,Francesco Passaro,Rodrigo Pacheco Mendez,4-6 7-6(2) 6-4,,,,,,,,,,,,,,,,,,,138.0,,,,2025,True,Francesco Passaro,https://www.tennisabstract.com/cgi-bin/player-classic.cgi?p=FrancescoPassaro,,1.09,0.149,0.059000000000000004,0.505,0.8240000000000001,0.52,1.0,3.0,0.3333333333333333,FRANCESCO PASSARO,RODRIGO PACHECO MENDEZ,4-6 7-6(2) 6-4,Q2,2025|2025-08-25|US Open|Q2|FRANCESCO PASSARO|RODRIGO PACHECO MENDEZ|4-6 7-6(2) 6-4,G,128
2025-08-25,US Open,Hard,Q2,Garrett Johns,Oliver Crawford,7-6(4) 6-3,1.1,0.106,0.024,0.435,0.703,0.521,3.0,6.0,0.5,0.91,0.053,0.08800000000000001,0.544,0.677,0.423,3.0,7.0,0.42857142857142855,107.0,player_profile_classic,player_profile_classic,"['Garrett Johns', 'Oliver Crawford']",2025,,,,,,,,,,,,,,,,,,,G,128
2025-08-25,US Open,Hard,Q2,Henrique Rocha,Bernard Tomic,7-6(4) 6-2,1.13,0.09,0.022000000000000002,0.607,0.722,0.514,5.0,6.0,0.8333333333333334,0.89,0.051,0.013000000000000001,0.62,0.6940000000000001,0.433,2.0,5.0,0.4,118.0,player_profile_classic,player_profile_classic,"['Henrique Rocha', 'Bernard Tomic']",2025,,,,,,,,,,,,,,,,,,,G,128
2025-08-25,US Open,Hard,Q2,Hugo Grenier,Martin Landaluce,6-3 7-6(3),1.03,0.051,0.025,0.684,0.667,0.6,6.0,7.0,0.8571428571428571,0.97,0.033,0.017,0.6829999999999999,0.732,0.42100000000000004,0.0,2.0,0.0,115.0,player_profile_classic,player_profile_classic,"['Hugo Grenier', 'Martin Landaluce']",2025,,,,,,,,,,,,,,,,,,,G,128
2025-08-25,US Open,Hard,Q2,Ignacio Buse,Rei Sakamoto,6-4 4-6 6-4,1.15,0.035,0.035,0.7090000000000001,0.705,0.4,4.0,8.0,0.5,0.87,0.02,0.049,0.637,0.615,0.45899999999999996,2.0,7.0,0.2857142857142857,131.0,player_profile_classic,player_profile_classic,"['Ignacio Buse', 'Rei Sakamoto']",2025,,,,,,,,,,,,,,,,,,,G,128
2025-08-25,US Open,Hard,Q2,Jaime Faria,Giulio Zeppieri,7-6(5) 7-5,1.07,0.08,0.023,0.621,0.722,0.515,4.0,5.0,0.8,0.93,0.085,0.064,0.5529999999999999,0.75,0.452,10.0,12.0,0.8333333333333334,111.0,player_profile_classic,player_profile_classic,"['Giulio Zeppieri', 'Jaime Faria']",2025,,,,,,,,,,,,,,,,,,,G,128
2025-08-25,US Open,Hard,Q2,James Duckworth,James Mccabe,7-5 5-7 7-6(5),1.08,0.05,0.034,0.555,0.682,0.547,5.0,10.0,0.5,0.93,0.087,0.028999999999999998,0.5920000000000001,0.738,0.381,0.0,5.0,0.0,172.0,player_profile_classic,player_profile_classic,"['James Duckworth', 'James Mccabe']",2025,,,,,,,,,,,,,,,,,,,G,128
2025-08-25,US Open,Hard,Q2,Jan Lennard Struff,Taro Daniel,2-6 6-4 6-1,1.13,0.077,0.044000000000000004,0.5379999999999999,0.6729999999999999,0.524,4.0,7.0,0.5714285714285714,0.89,0.06,0.06,0.578,0.625,0.457,5.0,9.0,0.5555555555555556,114.0,player_profile_classic,player_profile_classic,"['Jan Lennard Struff', 'Taro Daniel']",2025,,,,,,,,,,,,,,,,,,,G,128
2025-08-25,US Open,Hard,Q2,Jason Kubler,Kyrian Jacquet,6-4 6-2,2.26,0.022000000000000002,0.044000000000000004,0.5329999999999999,0.917,0.667,0.0,0.0,,0.44,0.068,0.11,0.43799999999999994,0.688,0.439,9.0,12.0,0.75,78.0,player_profile_classic,player_profile_classic,"['Jason Kubler', 'Kyrian Jacquet']",2025,,,,,,,,,,,,,,,,,,,G,128
2025-08-25,US Open,Hard,Q2,Jerome Kym,Michael Zheng,6-3 6-4,1.37,0.158,0.07,0.526,0.9,0.556,2.0,2.0,1.0,0.73,0.033,0.0,0.59,0.6940000000000001,0.56,6.0,8.0,0.75,78.0,player_profile_classic,player_profile_classic,"['Jerome Kym', 'Michael Zheng']",2025,,,,,,,,,,,,,,,,,,,G,128
2025-08-25,US Open,Hard,Q2,Jesper De Jong,Harold Mayot,7-6(11) 6-7(4) 6-3,,,,,,,,,,,,,,,,,,,193.0,,,,2025,False,Harold Mayot,https://www.tennisabstract.com/cgi-bin/player-classic.cgi?p=HaroldMayot,,0.89,0.044000000000000004,0.052000000000000005,0.615,0.675,0.462,15.0,20.0,0.75,JESPER DE JONG,HAROLD MAYOT,7-6(11) 6-7(4) 6-3,Q2,2025|2025-08-25|US Open|Q2|JESPER DE JONG|HAROLD MAYOT|7-6(11) 6-7(4) 6-3,G,128
2025-08-25,US Open,Hard,Q2,Kimmer Coppejans,Alexander Blockx,7-6(5) RET,,,,,,,,,,,,,,,,,,,65.0,,,,2025,True,Kimmer Coppejans,https://www.tennisabstract.com/cgi-bin/player-classic.cgi?p=KimmerCoppejans,,1.2,0.051,0.077,0.6409999999999999,0.8,0.429,2.0,3.0,0.6666666666666666,KIMMER COPPEJANS,ALEXANDER BLOCKX,7-6(5) RET,Q2,2025|2025-08-25|US Open|Q2|KIMMER COPPEJANS|ALEXANDER BLOCKX|7-6(5) RET,G,128
2025-08-25,US Open,Hard,Q2,Leandro Riedi,Otto Virtanen,7-6(8) 6-4,1.16,0.073,0.049,0.6459999999999999,0.736,0.414,6.0,8.0,0.75,0.86,0.068,0.055,0.43799999999999994,0.625,0.512,2.0,5.0,0.4,87.0,player_profile_classic,player_profile_classic,"['Leandro Riedi', 'Otto Virtanen']",2025,,,,,,,,,,,,,,,,,,,G,128
2025-08-25,US Open,Hard,Q2,Llamas Ruiz,Andres Martin,6-4 6-4,,,,,,,,,,,,,,,,,,,122.0,,,,2025,True,Pablo Llamas Ruiz,https://www.tennisabstract.com/cgi-bin/player-classic.cgi?p=PabloLlamasRuiz,,1.09,0.036000000000000004,0.024,0.627,0.596,0.5479999999999999,13.0,15.0,0.8666666666666667,LLAMAS RUIZ,ANDRES MARTIN,6-4 6-4,Q2,2025|2025-08-25|US Open|Q2|LLAMAS RUIZ|ANDRES MARTIN|6-4 6-4,G,128
2025-08-25,US Open,Hard,Q2,Lloyd Harris,Fajing Sun,6-2 6-2,2.36,0.205,0.023,0.614,0.815,0.706,1.0,1.0,1.0,0.42,0.036000000000000004,0.054000000000000006,0.5710000000000001,0.563,0.33299999999999996,5.0,9.0,0.5555555555555556,73.0,player_profile_classic,player_profile_classic,"['Lloyd Harris', 'Fajing Sun']",2025,,,,,,,,,,,,,,,,,,,G,128
2025-08-25,US Open,Hard,Q2,Marc Andrea Huesler,Nikoloz Basilashvili,7-6(4) 7-5,1.15,0.095,0.027000000000000003,0.622,0.7609999999999999,0.607,0.0,1.0,0.0,0.87,0.066,0.053,0.605,0.7390000000000001,0.5329999999999999,4.0,6.0,0.6666666666666666,96.0,player_profile_classic,player_profile_classic,"['Marc Andrea Huesler', 'Nikoloz Basilashvili']",2025,,,,,,,,,,,,,,,,,,,G,128
2025-08-25,US Open,Hard,Q2,Marco Trungelliti,Cristian Garin,7-6(3) 7-5,1.17,0.011000000000000001,0.068,0.489,0.721,0.556,8.0,10.0,0.8,0.86,0.069,0.069,0.609,0.642,0.47100000000000003,6.0,9.0,0.6666666666666666,143.0,player_profile_classic,player_profile_classic,"['Cristian Garin', 'Marco Trungelliti']",2025,,,,,,,,,,,,,,,,,,,G,128
2025-08-25,US Open,Hard,Q2,Martin Damm,Benjamin Hassan,7-5 7-6(5),1.29,0.20800000000000002,0.055999999999999994,0.639,0.848,0.5379999999999999,0.0,1.0,0.0,0.77,0.073,0.012,0.61,0.74,0.531,5.0,7.0,0.7142857142857143,95.0,player_profile_classic,player_profile_classic,"['Martin Damm', 'Benjamin Hassan']",2025,,,,,,,,,,,,,,,,,,,G,128
2025-08-25,US Open,Hard,Q2,Merida Aguilar,Titouan Droguet,6-4 3-6 6-4,,,,,,,,,,,,,,,,,,,114.0,,,,2025,True,Daniel Merida Aguilar,https://www.tennisabstract.com/cgi-bin/player-classic.cgi?p=DanielMeridaAguilar,,1.32,0.012,0.037000000000000005,0.667,0.778,0.593,1.0,2.0,0.5,MERIDA AGUILAR,TITOUAN DROGUET,6-4 3-6 6-4,Q2,2025|2025-08-25|US Open|Q2|MERIDA AGUILAR|TITOUAN DROGUET|6-4 3-6 6-4,G,128
2025-08-25,US Open,Hard,Q2,Mitchell Krueger,Andrea Collarini,7-6(4) 7-5,1.18,0.027999999999999997,0.013999999999999999,0.653,0.7659999999999999,0.48,2.0,4.0,0.5,0.85,0.025,0.038,0.595,0.617,0.594,2.0,5.0,0.4,114.0,player_profile_classic,player_profile_classic,"['Andrea Collarini', 'Mitchell Krueger']",2025,,,,,,,,,,,,,,,,,,,G,128
2025-08-25,US Open,Hard,Q2,Pablo Llamas Ruiz,Andres Martin,6-4 6-4,,,,,,,,,,,,,,,,,,,122.0,,,,2025,False,Andres Martin,https://www.tennisabstract.com/cgi-bin/player-classic.cgi?p=AndresMartin,,0.92,0.024,0.047,0.624,0.585,0.469,10.0,14.0,0.7142857142857143,PABLO LLAMAS RUIZ,ANDRES MARTIN,6-4 6-4,Q2,2025|2025-08-25|US Open|Q2|PABLO LLAMAS RUIZ|ANDRES MARTIN|6-4 6-4,G,128
2025-08-25,US Open,Hard,Q2,Shintaro Mochizuki,Roman Andres Burruchaga,6-4 1-6 6-4,0.95,0.027999999999999997,0.042,0.514,0.595,0.486,0.0,5.0,0.0,1.05,0.0,0.023,0.644,0.643,0.419,4.0,9.0,0.4444444444444444,112.0,player_profile_classic,player_profile_classic,"['Roman Andres Burruchaga', 'Shintaro Mochizuki']",2025,,,,,,,,,,,,,,,,,,,G,128
2025-08-25,US Open,Hard,Q2,Ugo Blanchet,Dmitry Popko,6-3 6-4,1.18,0.027000000000000003,0.08,0.387,0.7929999999999999,0.522,5.0,6.0,0.8333333333333334,0.85,0.051,0.085,0.627,0.6759999999999999,0.364,2.0,5.0,0.4,90.0,player_profile_classic,player_profile_classic,"['Dmitry Popko', 'Ugo Blanchet']",2025,,,,,,,,,,,,,,,,,,,G,128
2025-08-25,US Open,Hard,Q2,Yibing Wu,Luca Van Assche,6-3 6-3,,,,,,,,,,,,,,,,,,,87.0,,,,2025,True,Yibing Wu,https://www.tennisabstract.com/cgi-bin/player-classic.cgi?p=YibingWu,,1.52,0.102,0.051,0.5589999999999999,0.7879999999999999,0.615,7.0,7.0,1.0,YIBING WU,LUCA VAN ASSCHE,6-3 6-3,Q2,2025|2025-08-25|US Open|Q2|YIBING WU|LUCA VAN ASSCHE|6-3 6-3,G,128
2025-08-25,US Open,Hard,Q2,Yibing Wu,Van Assche,6-3 6-3,,,,,,,,,,,,,,,,,,,87.0,,,,2025,False,Luca Van Assche,https://www.tennisabstract.com/cgi-bin/player-classic.cgi?p=LucaVanAssche,,0.66,0.015,0.091,0.455,0.667,0.47200000000000003,3.0,6.0,0.5,YIBING WU,VAN ASSCHE,6-3 6-3,Q2,2025|2025-08-25|US Open|Q2|YIBING WU|VAN ASSCHE|6-3 6-3,G,128
2025-08-25,US Open,Hard,Q2,Yuta Shimizu,Juan Manuel Cerundolo,7-6(5) 7-5,1.09,0.0,0.037000000000000005,0.695,0.649,0.48,0.0,0.0,,0.92,0.049,0.024,0.659,0.63,0.429,0.0,0.0,,118.0,player_profile_classic,player_profile_classic,"['Yuta Shimizu', 'Juan Manuel Cerundolo']",2025,,,,,,,,,,,,,,,,,,,G,128
2025-08-25,US Open,Hard,Q2,Zachary Svajda,Beibit Zhukayev,6-3 7-5,1.3,0.059000000000000004,0.044000000000000004,0.485,0.818,0.5429999999999999,2.0,3.0,0.6666666666666666,0.77,0.188,0.063,0.688,0.705,0.3,6.0,9.0,0.6666666666666666,84.0,player_profile_classic,player_profile_classic,"['Zachary Svajda', 'Beibit Zhukayev']",2025,,,,,,,,,,,,,,,,,,,G,128
2025-08-25,US Open,Hard,Q2,Zsombor Piros,Thiago Agustin Tirante,6-3 7-6(3),1.13,0.0,0.063,0.6459999999999999,0.706,0.5710000000000001,2.0,3.0,0.6666666666666666,0.89,0.092,0.031,0.569,0.649,0.5710000000000001,6.0,8.0,0.75,110.0,player_profile_classic,player_profile_classic,"['Zsombor Piros', 'Thiago Agustin Tirante']",2025,,,,,,,,,,,,,,,,,,,G,128
2025-08-25,US Open,Hard,Q3,Coleman Wong,Billy Harris,6-3 6-4,1.36,0.127,0.0,0.727,0.775,0.5329999999999999,2.0,3.0,0.6666666666666666,0.73,0.17,0.075,0.623,0.727,0.4,4.0,7.0,0.5714285714285714,77.0,player_profile_classic,player_profile_classic,"['Billy Harris', 'Coleman Wong']",2025,,,,,,,,,,,,,,,,,,,G,128
2025-08-25,US Open,Hard,Q3,De Jong,Mitchell Krueger,6-4 6-1,,,,,,,,,,,,,,,,,,,86.0,,,,2025,True,Jesper De Jong,https://www.tennisabstract.com/cgi-bin/player-classic.cgi?p=JesperDeJong,,1.25,0.10300000000000001,0.034,0.483,0.7140000000000001,0.467,4.0,6.0,0.6666666666666666,DE JONG,MITCHELL KRUEGER,6-4 6-1,Q3,2025|2025-08-25|US Open|Q3|DE JONG|MITCHELL KRUEGER|6-4 6-1,G,128
2025-08-25,US Open,Hard,Q3,Dino Prizmic,Jason Kubler,6-3 4-6 6-1,1.26,0.193,0.068,0.591,0.7879999999999999,0.389,9.0,12.0,0.75,0.79,0.043,0.065,0.473,0.659,0.408,7.0,13.0,0.5384615384615384,143.0,player_profile_classic,player_profile_classic,"['Dino Prizmic', 'Jason Kubler']",2025,,,,,,,,,,,,,,,,,,,G,128
2025-08-25,US Open,Hard,Q3,Federico Agustin Gomez,Hugo Grenier,6-7(5) 7-6(5) 6-2,1.09,0.040999999999999995,0.09,0.615,0.7070000000000001,0.426,11.0,16.0,0.6875,0.91,0.057,0.049,0.602,0.6890000000000001,0.36700000000000005,10.0,17.0,0.5882352941176471,171.0,player_profile_classic,player_profile_classic,"['Hugo Grenier', 'Federico Agustin Gomez']",2025,,,,,,,,,,,,,,,,,,,G,128
2025-08-25,US Open,Hard,Q3,Francesco Passaro,Henrique Rocha,7-5 6-3,1.33,0.059000000000000004,0.028999999999999998,0.647,0.795,0.542,1.0,1.0,1.0,0.75,0.047,0.141,0.375,0.917,0.425,2.0,4.0,0.5,97.0,player_profile_classic,player_profile_classic,"['Francesco Passaro', 'Henrique Rocha']",2025,,,,,,,,,,,,,,,,,,,G,128
2025-08-25,US Open,Hard,Q3,Ignacio Buse,Kimmer Coppejans,6-3 6-4,1.46,0.033,0.033,0.49200000000000005,0.9,0.484,0.0,1.0,0.0,0.69,0.076,0.045,0.545,0.722,0.33299999999999996,10.0,13.0,0.7692307692307693,94.0,player_profile_classic,player_profile_classic,"['Ignacio Buse', 'Kimmer Coppejans']",2025,,,,,,,,,,,,,,,,,,,G,128
2025-08-25,US Open,Hard,Q3,Jan Lennard Struff,Arthur Cazaux,7-6(4) 6-3,1.09,0.065,0.039,0.46799999999999997,0.833,0.439,3.0,5.0,0.6,0.92,0.09,0.051,0.5,0.7440000000000001,0.436,7.0,10.0,0.7,107.0,player_profile_classic,player_profile_classic,"['Arthur Cazaux', 'Jan Lennard Struff']",2025,,,,,,,,,,,,,,,,,,,G,128
2025-08-25,US Open,Hard,Q3,Jerome Kym,Yibing Wu,6-3 6-2,1.59,0.192,0.0,0.615,0.75,0.6,1.0,2.0,0.5,0.63,0.039,0.059000000000000004,0.667,0.588,0.353,4.0,8.0,0.5,66.0,player_profile_classic,player_profile_classic,"['Jerome Kym', 'Yibing Wu']",2025,,,,,,,,,,,,,,,,,,,G,128
2025-08-25,US Open,Hard,Q3,Jesper De Jong,Mitchell Krueger,6-4 6-1,,,,,,,,,,,,,,,,,,,86.0,,,,2025,False,Mitchell Krueger,https://www.tennisabstract.com/cgi-bin/player-classic.cgi?p=MitchellKrueger,,0.8,0.071,0.018000000000000002,0.607,0.5589999999999999,0.364,5.0,10.0,0.5,JESPER DE JONG,MITCHELL KRUEGER,6-4 6-1,Q3,2025|2025-08-25|US Open|Q3|JESPER DE JONG|MITCHELL KRUEGER|6-4 6-1,G,128
2025-08-25,US Open,Hard,Q3,Leandro Riedi,Garrett Johns,7-6(5) 6-4,1.08,0.127,0.013000000000000001,0.6709999999999999,0.792,0.5770000000000001,5.0,5.0,1.0,0.92,0.068,0.0,0.644,0.787,0.5379999999999999,4.0,5.0,0.8,98.0,player_profile_classic,player_profile_classic,"['Leandro Riedi', 'Garrett Johns']",2025,,,,,,,,,,,,,,,,,,,G,128
2025-08-25,US Open,Hard,Q3,Llamas Ruiz,Marco Trungelliti,3-6 6-1 6-2,,,,,,,,,,,,,,,,,,,105.0,,,,2025,True,Pablo Llamas Ruiz,https://www.tennisabstract.com/cgi-bin/player-classic.cgi?p=PabloLlamasRuiz,,1.86,0.05,0.033,0.617,0.757,0.7829999999999999,1.0,2.0,0.5,LLAMAS RUIZ,MARCO TRUNGELLITI,3-6 6-1 6-2,Q3,2025|2025-08-25|US Open|Q3|LLAMAS RUIZ|MARCO TRUNGELLITI|3-6 6-1 6-2,G,128
2025-08-25,US Open,Hard,Q3,Lloyd Harris,Daniel Merida Aguilar,6-1 7-6(2),,,,,,,,,,,,,,,,,,,73.0,,,,2025,True,Lloyd Harris,https://www.tennisabstract.com/cgi-bin/player-classic.cgi?p=LloydHarris,,2.03,0.222,0.111,0.444,1.0,0.6,0.0,1.0,0.0,LLOYD HARRIS,DANIEL MERIDA AGUILAR,6-1 7-6(2),Q3,2025|2025-08-25|US Open|Q3|LLOYD HARRIS|DANIEL MERIDA AGUILAR|6-1 7-6(2),G,128
2025-08-25,US Open,Hard,Q3,Lloyd Harris,Merida Aguilar,6-1 7-6(2),,,,,,,,,,,,,,,,,,,73.0,,,,2025,False,Daniel Merida Aguilar,https://www.tennisabstract.com/cgi-bin/player-classic.cgi?p=DanielMeridaAguilar,,0.49,0.0,0.017,0.75,0.556,0.5329999999999999,6.0,9.0,0.6666666666666666,LLOYD HARRIS,MERIDA AGUILAR,6-1 7-6(2),Q3,2025|2025-08-25|US Open|Q3|LLOYD HARRIS|MERIDA AGUILAR|6-1 7-6(2),G,128
2025-08-25,US Open,Hard,Q3,Martin Damm,Yuta Shimizu,7-6(10) 6-4,1.29,0.13699999999999998,0.055,0.603,0.795,0.586,2.0,3.0,0.6666666666666666,0.78,0.025,0.037000000000000005,0.617,0.68,0.5479999999999999,3.0,5.0,0.6,98.0,player_profile_classic,player_profile_classic,"['Martin Damm', 'Yuta Shimizu']",2025,,,,,,,,,,,,,,,,,,,G,128
2025-08-25,US Open,Hard,Q3,Pablo Llamas Ruiz,Marco Trungelliti,3-6 6-1 6-2,,,,,,,,,,,,,,,,,,,105.0,,,,2025,False,Marco Trungelliti,https://www.tennisabstract.com/cgi-bin/player-classic.cgi?p=MarcoTrungelliti,,0.54,0.06,0.133,0.578,0.708,0.371,5.0,9.0,0.5555555555555556,PABLO LLAMAS RUIZ,MARCO TRUNGELLITI,3-6 6-1 6-2,Q3,2025|2025-08-25|US Open|Q3|PABLO LLAMAS RUIZ|MARCO TRUNGELLITI|3-6 6-1 6-2,G,128
2025-08-25,US Open,Hard,Q3,Shintaro Mochizuki,Daniel Elahi Galan,6-4 6-4,1.18,0.08199999999999999,0.055,0.452,0.818,0.5,7.0,8.0,0.875,0.84,0.031,0.031,0.625,0.625,0.5,5.0,8.0,0.625,93.0,player_profile_classic,player_profile_classic,"['Daniel Elahi Galan', 'Shintaro Mochizuki']",2025,,,,,,,,,,,,,,,,,,,G,128
2025-08-25,US Open,Hard,Q3,Ugo Blanchet,Jaime Faria,7-5 6-4,1.37,0.08199999999999999,0.098,0.45899999999999996,0.7859999999999999,0.5760000000000001,3.0,5.0,0.6,0.73,0.052000000000000005,0.083,0.43799999999999994,0.643,0.48100000000000004,12.0,16.0,0.75,93.0,player_profile_classic,player_profile_classic,"['Jaime Faria', 'Ugo Blanchet']",2025,,,,,,,,,,,,,,,,,,,G,128
2025-08-25,US Open,Hard,Q3,Zachary Svajda,Marc Andrea Huesler,6-3 6-2,1.27,0.046,0.031,0.5379999999999999,0.743,0.5,8.0,9.0,0.8888888888888888,0.79,0.064,0.085,0.617,0.655,0.33299999999999996,1.0,5.0,0.2,73.0,player_profile_classic,player_profile_classic,"['Zachary Svajda', 'Marc Andrea Huesler']",2025,,,,,,,,,,,,,,,,,,,G,128
2025-08-25,US Open,Hard,Q3,Zsombor Piros,James Duckworth,6-1 4-6 6-2,1.24,0.09,0.051,0.5770000000000001,0.711,0.485,4.0,7.0,0.5714285714285714,0.81,0.05,0.05,0.5,0.625,0.425,5.0,11.0,0.45454545454545453,111.0,player_profile_classic,player_profile_classic,"['James Duckworth', 'Zsombor Piros']",2025,,,,,,,,,,,,,,,,,,,G,128
2025-08-25,US Open,Hard,QF,Auger Aliassime,Alex De Minaur,4-6 7-6(7) 7-5 7-6(4),,,,,,,,,,,,,,,,,,,250.0,,,,2025,True,Felix Auger Aliassime,https://www.tennisabstract.com/cgi-bin/player-classic.cgi?p=FelixAugerAliassime,(ch),1.08,0.149,0.07400000000000001,0.642,0.821,0.321,6.0,10.0,0.6,AUGER ALIASSIME,ALEX DE MINAUR,4-6 7-6(7) 7-5 7-6(4),QF,2025|2025-08-25|US Open|QF|AUGER ALIASSIME|ALEX DE MINAUR|4-6 7-6(7) 7-5 7-6(4),G,128
2025-08-25,US Open,Hard,QF,Carlos Alcaraz,Jiri Lehecka,6-4 6-2 6-4,2.06,0.07,0.027999999999999997,0.634,0.8440000000000001,0.731,0.0,0.0,,0.48,0.047,0.047,0.64,0.6729999999999999,0.452,5.0,9.0,0.5555555555555556,116.0,player_profile_classic,player_profile_classic,"['Carlos Alcaraz', 'Jiri Lehecka']",2025,,,,,,,,,,,,,,,,,,,G,128
2025-08-25,US Open,Hard,QF,Felix Auger Aliassime,De Minaur,4-6 7-6(7) 7-5 7-6(4),,,,,,,,,,,,,,,,,,,250.0,,,,2025,False,Alex De Minaur,https://www.tennisabstract.com/cgi-bin/player-classic.cgi?p=AlexDeMinaur,(ch),0.93,0.049,0.067,0.423,0.768,0.5,5.0,9.0,0.5555555555555556,FELIX AUGER ALIASSIME,DE MINAUR,4-6 7-6(7) 7-5 7-6(4),QF,2025|2025-08-25|US Open|QF|FELIX AUGER ALIASSIME|DE MINAUR|4-6 7-6(7) 7-5 7-6(4),G,128
2025-08-25,US Open,Hard,QF,Jannik Sinner,Lorenzo Musetti,6-1 6-4 6-2,1.77,0.133,0.0,0.613,0.9129999999999999,0.517,7.0,7.0,1.0,0.57,0.03,0.015,0.621,0.732,0.32,1.0,6.0,0.16666666666666666,120.0,player_profile_classic,player_profile_classic,"['Jannik Sinner', 'Lorenzo Musetti']",2025,,,,,,,,,,,,,,,,,,,G,128
2025-08-25,US Open,Hard,QF,Novak Djokovic,Taylor Fritz,6-3 7-5 3-6 6-4,0.97,0.07200000000000001,0.057999999999999996,0.633,0.716,0.5489999999999999,11.0,13.0,0.8461538461538461,1.04,0.10300000000000001,0.043,0.564,0.818,0.47100000000000003,5.0,9.0,0.5555555555555556,204.0,player_profile_classic,player_profile_classic,"['Novak Djokovic', 'Taylor Fritz']",2025,,,,,,,,,,,,,,,,,,,G,128
2025-08-25,US Open,Hard,R128,Adam Walton,Ugo Humbert,6-4 7-6(4) 5-7 6-1,1.49,0.127,0.042,0.585,0.884,0.612,2.0,3.0,0.6666666666666666,0.67,0.14400000000000002,0.061,0.5529999999999999,0.795,0.49200000000000005,3.0,6.0,0.5,174.0,player_profile_classic,player_profile_classic,"['Adam Walton', 'Ugo Humbert']",2025,,,,,,,,,,,,,,,,,,,G,128
2025-08-25,US Open,Hard,R128,Adrian Mannarino,Tallon Griekspoor,7-5 6-4 6-0,1.74,0.163,0.035,0.547,0.894,0.513,8.0,9.0,0.8888888888888888,0.58,0.141,0.10099999999999999,0.5760000000000001,0.7020000000000001,0.262,10.0,16.0,0.625,146.0,player_profile_classic,player_profile_classic,"['Adrian Mannarino', 'Tallon Griekspoor']",2025,,,,,,,,,,,,,,,,,,,G,128
2025-08-25,US Open,Hard,R128,Alejandro Davidovich Fokina,Alexander Shevchenko,6-1 6-1 6-2,,,,,,,,,,,,,,,,,,,86.0,,,,2025,False,Alexander Shevchenko,https://www.tennisabstract.com/cgi-bin/player-classic.cgi?p=AlexanderShevchenko,,0.51,0.016,0.032,0.452,0.5710000000000001,0.324,2.0,9.0,0.2222222222222222,ALEJANDRO DAVIDOVICH FOKINA,ALEXANDER SHEVCHENKO,6-1 6-1 6-2,R128,2025|2025-08-25|US Open|R128|ALEJANDRO DAVIDOVICH FOKINA|ALEXANDER SHEVCHENKO|6-1 6-1 6-2,G,128
2025-08-25,US Open,Hard,R128,Alex De Minaur,Christopher Oconnell,6-3 6-4 6-4,,,,,,,,,,,,,,,,,,,113.0,,,,2025,False,Christopher Oconnell,https://www.tennisabstract.com/cgi-bin/player-classic.cgi?p=ChristopherOconnell,,0.6,0.075,0.011000000000000001,0.645,0.733,0.455,8.0,11.0,0.7272727272727273,ALEX DE MINAUR,CHRISTOPHER OCONNELL,6-3 6-4 6-4,R128,2025|2025-08-25|US Open|R128|ALEX DE MINAUR|CHRISTOPHER OCONNELL|6-3 6-4 6-4,G,128
2025-08-25,US Open,Hard,R128,Alexander Bublik,Marin Cilic,6-4 6-1 6-4,1.54,0.203,0.051,0.557,0.955,0.457,2.0,2.0,1.0,0.65,0.064,0.026000000000000002,0.5379999999999999,0.738,0.41700000000000004,5.0,9.0,0.5555555555555556,109.0,player_profile_classic,player_profile_classic,"['Alexander Bublik', 'Marin Cilic']",2025,,,,,,,,,,,,,,,,,,,G,128
2025-08-25,US Open,Hard,R128,Alexander Zverev,Alejandro Tabilo,6-2 7-6(4) 6-4,1.21,0.09,0.03,0.66,0.8029999999999999,0.588,6.0,6.0,1.0,0.83,0.09300000000000001,0.023,0.616,0.792,0.485,2.0,5.0,0.4,128.0,player_profile_classic,player_profile_classic,"['Alexander Zverev', 'Alejandro Tabilo']",2025,,,,,,,,,,,,,,,,,,,G,128
2025-08-25,US Open,Hard,R128,Alexei Popyrin,Emil Ruusuvuori,6-3 6-4 7-6(3),1.69,0.22399999999999998,0.035,0.624,0.868,0.531,0.0,3.0,0.0,0.59,0.036000000000000004,0.08199999999999999,0.5820000000000001,0.6409999999999999,0.457,9.0,14.0,0.6428571428571429,131.0,player_profile_classic,player_profile_classic,"['Alexei Popyrin', 'Emil Ruusuvuori']",2025,,,,,,,,,,,,,,,,,,,G,128
2025-08-25,US Open,Hard,R128,Andrey Rublev,Dino Prizmic,6-4 6-4 6-4,1.36,0.10300000000000001,0.034,0.47100000000000003,0.878,0.609,3.0,3.0,1.0,0.74,0.077,0.064,0.5770000000000001,0.6890000000000001,0.5760000000000001,0.0,3.0,0.0,120.0,player_profile_classic,player_profile_classic,"['Andrey Rublev', 'Dino Prizmic']",2025,,,,,,,,,,,,,,,,,,,G,128
2025-08-25,US Open,Hard,R128,Arthur Rinderknech,Carballes Baena,7-6(2) 7-5 4-6 6-2,,,,,,,,,,,,,,,,,,,234.0,,,,2025,False,Roberto Carballes Baena,https://www.tennisabstract.com/cgi-bin/player-classic.cgi?p=RobertoCarballesBaena,,0.75,0.027000000000000003,0.040999999999999995,0.589,0.7440000000000001,0.483,10.0,13.0,0.7692307692307693,ARTHUR RINDERKNECH,CARBALLES BAENA,7-6(2) 7-5 4-6 6-2,R128,2025|2025-08-25|US Open|R128|ARTHUR RINDERKNECH|CARBALLES BAENA|7-6(2) 7-5 4-6 6-2,G,128
2025-08-25,US Open,Hard,R128,Arthur Rinderknech,Roberto Carballes Baena,7-6(2) 7-5 4-6 6-2,,,,,,,,,,,,,,,,,,,234.0,,,,2025,True,Arthur Rinderknech,https://www.tennisabstract.com/cgi-bin/player-classic.cgi?p=ArthurRinderknech,,1.34,0.115,0.049,0.557,0.838,0.593,5.0,6.0,0.8333333333333334,ARTHUR RINDERKNECH,ROBERTO CARBALLES BAENA,7-6(2) 7-5 4-6 6-2,R128,2025|2025-08-25|US Open|R128|ARTHUR RINDERKNECH|ROBERTO CARBALLES BAENA|7-6(2) 7-5 4-6 6-2,G,128
2025-08-25,US Open,Hard,R128,Auger Aliassime,Billy Harris,6-4 7-6(8) 6-4,,,,,,,,,,,,,,,,,,,175.0,,,,2025,True,Felix Auger Aliassime,https://www.tennisabstract.com/cgi-bin/player-classic.cgi?p=FelixAugerAliassime,,1.18,0.09300000000000001,0.047,0.6729999999999999,0.736,0.486,7.0,10.0,0.7,AUGER ALIASSIME,BILLY HARRIS,6-4 7-6(8) 6-4,R128,2025|2025-08-25|US Open|R128|AUGER ALIASSIME|BILLY HARRIS|6-4 7-6(8) 6-4,G,128
2025-08-25,US Open,Hard,R128,Ben Shelton,Ignacio Buse,6-3 6-2 6-4,1.41,0.057,0.034,0.625,0.782,0.5760000000000001,5.0,5.0,1.0,0.71,0.022000000000000002,0.066,0.527,0.7290000000000001,0.419,9.0,13.0,0.6923076923076923,127.0,player_profile_classic,player_profile_classic,"['Ben Shelton', 'Ignacio Buse']",2025,,,,,,,,,,,,,,,,,,,G,128
2025-08-25,US Open,Hard,R128,Benjamin Bonzi,Daniil Medvedev,6-3 7-5 6-7(5) 0-6 6-4,1.04,0.045,0.025,0.669,0.6859999999999999,0.519,13.0,19.0,0.6842105263157895,0.97,0.141,0.067,0.597,0.753,0.41700000000000004,10.0,16.0,0.625,225.0,player_profile_classic,player_profile_classic,"['Benjamin Bonzi', 'Daniil Medvedev']",2025,,,,,,,,,,,,,,,,,,,G,128
2025-08-25,US Open,Hard,R128,Brandon Nakashima,De Jong,6-2 6-7(5) 2-6 6-2 7-6(7),,,,,,,,,,,,,,,,,,,224.0,,,,2025,False,Jesper De Jong,https://www.tennisabstract.com/cgi-bin/player-classic.cgi?p=JesperDeJong,(ch),0.83,0.11599999999999999,0.054000000000000006,0.578,0.682,0.597,5.0,10.0,0.5,BRANDON NAKASHIMA,DE JONG,6-2 6-7(5) 2-6 6-2 7-6(7),R128,2025|2025-08-25|US Open|R128|BRANDON NAKASHIMA|DE JONG|6-2 6-7(5) 2-6 6-2 7-6(7),G,128
2025-08-25,US Open,Hard,R128,Brandon Nakashima,Jesper De Jong,6-2 6-7(5) 2-6 6-2 7-6(7),,,,,,,,,,,,,,,,,,,224.0,,,,2025,True,Brandon Nakashima,https://www.tennisabstract.com/cgi-bin/player-classic.cgi?p=BrandonNakashima,(ch),1.2,0.114,0.027000000000000003,0.584,0.816,0.5479999999999999,4.0,7.0,0.5714285714285714,BRANDON NAKASHIMA,JESPER DE JONG,6-2 6-7(5) 2-6 6-2 7-6(7),R128,2025|2025-08-25|US Open|R128|BRANDON NAKASHIMA|JESPER DE JONG|6-2 6-7(5) 2-6 6-2 7-6(7),G,128
2025-08-25,US Open,Hard,R128,Cameron Norrie,Sebastian Korda,7-5 6-4 RET,1.23,0.038,0.038,0.603,0.7659999999999999,0.5479999999999999,6.0,6.0,1.0,0.81,0.158,0.039,0.526,0.725,0.47200000000000003,5.0,7.0,0.7142857142857143,107.0,player_profile_classic,player_profile_classic,"['Cameron Norrie', 'Sebastian Korda']",2025,,,,,,,,,,,,,,,,,,,G,128
2025-08-25,US Open,Hard,R128,Carlos Alcaraz,Reilly Opelka,6-4 7-5 6-4,1.88,0.048,0.071,0.69,0.862,0.654,3.0,3.0,1.0,0.53,0.133,0.086,0.61,0.75,0.415,8.0,11.0,0.7272727272727273,125.0,player_profile_classic,player_profile_classic,"['Carlos Alcaraz', 'Reilly Opelka']",2025,,,,,,,,,,,,,,,,,,,G,128
2025-08-25,US Open,Hard,R128,Carreno Busta,Pablo Llamas Ruiz,7-6(7) 6-4 6-2,,,,,,,,,,,,,,,,,,,146.0,,,,2025,True,Pablo Carreno Busta,https://www.tennisabstract.com/cgi-bin/player-classic.cgi?p=PabloCarrenoBusta,,1.47,0.040999999999999995,0.01,0.633,0.742,0.722,5.0,5.0,1.0,CARRENO BUSTA,PABLO LLAMAS RUIZ,7-6(7) 6-4 6-2,R128,2025|2025-08-25|US Open|R128|CARRENO BUSTA|PABLO LLAMAS RUIZ|7-6(7) 6-4 6-2,G,128
2025-08-25,US Open,Hard,R128,Casper Ruud,Sebastian Ofner,6-1 6-2 7-6(5),1.46,0.1,0.022000000000000002,0.556,0.82,0.6,4.0,4.0,1.0,0.69,0.146,0.055999999999999994,0.494,0.795,0.4,1.0,5.0,0.2,115.0,player_profile_classic,player_profile_classic,"['Casper Ruud', 'Sebastian Ofner']",2025,,,,,,,,,,,,,,,,,,,G,128
2025-08-25,US Open,Hard,R128,Coleman Wong,Aleksandar Kovacevic,6-4 7-5 7-6(4),1.21,0.214,0.01,0.505,0.7879999999999999,0.647,4.0,6.0,0.6666666666666666,0.83,0.1,0.09,0.62,0.774,0.474,5.0,9.0,0.5555555555555556,146.0,player_profile_classic,player_profile_classic,"['Coleman Wong', 'Aleksandar Kovacevic']",2025,,,,,,,,,,,,,,,,,,,G,128
2025-08-25,US Open,Hard,R128,Daniel Altmaier,Hamad Medjedovic,7-5 6-7(3) 7-6(7) 6-7(5) 6-4,1.07,0.133,0.017,0.652,0.805,0.47600000000000003,1.0,4.0,0.25,0.94,0.142,0.055999999999999994,0.619,0.82,0.42700000000000005,12.0,17.0,0.7058823529411765,286.0,player_profile_classic,player_profile_classic,"['Daniel Altmaier', 'Hamad Medjedovic']",2025,,,,,,,,,,,,,,,,,,,G,128
2025-08-25,US Open,Hard,R128,David Goffin,Quentin Halys,6-7(2) 6-4 6-3 7-5,1.07,0.04,0.07400000000000001,0.483,0.639,0.532,10.0,16.0,0.625,0.93,0.08199999999999999,0.107,0.509,0.691,0.41,13.0,22.0,0.5909090909090909,193.0,player_profile_classic,player_profile_classic,"['David Goffin', 'Quentin Halys']",2025,,,,,,,,,,,,,,,,,,,G,128
2025-08-25,US Open,Hard,R128,Davidovich Fokina,Alexander Shevchenko,6-1 6-1 6-2,,,,,,,,,,,,,,,,,,,86.0,,,,2025,True,Alejandro Davidovich Fokina,https://www.tennisabstract.com/cgi-bin/player-classic.cgi?p=AlejandroDavidovichFokina,,1.96,0.091,0.03,0.561,0.784,0.621,4.0,4.0,1.0,DAVIDOVICH FOKINA,ALEXANDER SHEVCHENKO,6-1 6-1 6-2,R128,2025|2025-08-25|US Open|R128|DAVIDOVICH FOKINA|ALEXANDER SHEVCHENKO|6-1 6-1 6-2,G,128
2025-08-25,US Open,Hard,R128,De Minaur,Christopher Oconnell,6-3 6-4 6-4,,,,,,,,,,,,,,,,,,,113.0,,,,2025,True,Alex De Minaur,https://www.tennisabstract.com/cgi-bin/player-classic.cgi?p=AlexDeMinaur,,1.68,0.128,0.013000000000000001,0.5,0.9229999999999999,0.6409999999999999,0.0,0.0,,DE MINAUR,CHRISTOPHER OCONNELL,6-3 6-4 6-4,R128,2025|2025-08-25|US Open|R128|DE MINAUR|CHRISTOPHER OCONNELL|6-3 6-4 6-4,G,128
2025-08-25,US Open,Hard,R128,Denis Shapovalov,Marton Fucsovics,6-4 6-4 6-0,1.44,0.10099999999999999,0.063,0.506,0.675,0.564,4.0,7.0,0.5714285714285714,0.69,0.012,0.09300000000000001,0.5579999999999999,0.583,0.289,3.0,11.0,0.2727272727272727,124.0,player_profile_classic,player_profile_classic,"['Denis Shapovalov', 'Marton Fucsovics']",2025,,,,,,,,,,,,,,,,,,,G,128
2025-08-25,US Open,Hard,R128,Eliot Spizzirri,Stefan Dostanic,7-5 6-4 7-6(4),1.2,0.042,0.025,0.723,0.674,0.606,8.0,10.0,0.8,0.83,0.106,0.033,0.7240000000000001,0.6629999999999999,0.382,9.0,13.0,0.6923076923076923,160.0,player_profile_classic,player_profile_classic,"['Eliot Spizzirri', 'Stefan Dostanic']",2025,,,,,,,,,,,,,,,,,,,G,128
2025-08-25,US Open,Hard,R128,Felix Auger Aliassime,Billy Harris,6-4 7-6(8) 6-4,,,,,,,,,,,,,,,,,,,175.0,,,,2025,False,Billy Harris,https://www.tennisabstract.com/cgi-bin/player-classic.cgi?p=BillyHarris,,0.85,0.0,0.018000000000000002,0.627,0.652,0.488,3.0,8.0,0.375,FELIX AUGER ALIASSIME,BILLY HARRIS,6-4 7-6(8) 6-4,R128,2025|2025-08-25|US Open|R128|FELIX AUGER ALIASSIME|BILLY HARRIS|6-4 7-6(8) 6-4,G,128
2025-08-25,US Open,Hard,R128,Flavio Cobolli,Francesco Passaro,7-5 4-6 6-4 3-6 6-3,1.05,0.043,0.09300000000000001,0.385,0.71,0.545,9.0,15.0,0.6,0.95,0.092,0.07400000000000001,0.5770000000000001,0.723,0.406,11.0,18.0,0.6111111111111112,222.0,player_profile_classic,player_profile_classic,"['Flavio Cobolli', 'Francesco Passaro']",2025,,,,,,,,,,,,,,,,,,,G,128
2025-08-25,US Open,Hard,R128,Frances Tiafoe,Yoshihito Nishioka,6-3 7-6(6) 6-3,1.29,0.17600000000000002,0.019,0.519,0.8390000000000001,0.442,4.0,6.0,0.6666666666666666,0.77,0.05,0.0,0.604,0.607,0.45,8.0,12.0,0.6666666666666666,148.0,player_profile_classic,player_profile_classic,"['Frances Tiafoe', 'Yoshihito Nishioka']",2025,,,,,,,,,,,,,,,,,,,G,128
2025-08-25,US Open,Hard,R128,Francisco Cerundolo,Matteo Arnaldi,3-6 2-6 7-5 6-4 6-3,1.06,0.027000000000000003,0.048,0.534,0.705,0.5589999999999999,9.0,14.0,0.6428571428571429,0.95,0.07200000000000001,0.028999999999999998,0.514,0.6759999999999999,0.552,4.0,9.0,0.4444444444444444,224.0,player_profile_classic,player_profile_classic,"['Francisco Cerundolo', 'Matteo Arnaldi']",2025,,,,,,,,,,,,,,,,,,,G,128
2025-08-25,US Open,Hard,R128,Francisco Comesana,Alex Michelsen,1-6 6-3 6-4 6-4,1.01,0.08199999999999999,0.064,0.5,0.818,0.436,5.0,9.0,0.5555555555555556,0.99,0.038,0.047,0.679,0.667,0.529,4.0,9.0,0.4444444444444444,157.0,player_profile_classic,player_profile_classic,"['Francisco Comesana', 'Alex Michelsen']",2025,,,,,,,,,,,,,,,,,,,G,128
2025-08-25,US Open,Hard,R128,Gabriel Diallo,Damir Dzumhur,7-6(4) 4-6 7-5 7-5,1.13,0.125,0.015,0.662,0.7440000000000001,0.5870000000000001,2.0,5.0,0.4,0.88,0.0,0.047,0.705,0.695,0.545,6.0,10.0,0.6,197.0,player_profile_classic,player_profile_classic,"['Gabriel Diallo', 'Damir Dzumhur']",2025,,,,,,,,,,,,,,,,,,,G,128
2025-08-25,US Open,Hard,R128,Holger Rune,Botic Van De Zandschulp,6-3 7-6(4) 7-6(2),,,,,,,,,,,,,,,,,,,180.0,,,,2025,True,Holger Rune,https://www.tennisabstract.com/cgi-bin/player-classic.cgi?p=HolgerRune,,1.2,0.07400000000000001,0.057999999999999996,0.537,0.6920000000000001,0.589,2.0,5.0,0.4,HOLGER RUNE,BOTIC VAN DE ZANDSCHULP,6-3 7-6(4) 7-6(2),R128,2025|2025-08-25|US Open|R128|HOLGER RUNE|BOTIC VAN DE ZANDSCHULP|6-3 7-6(4) 7-6(2),G,128
2025-08-25,US Open,Hard,R128,Holger Rune,Van De Zandschulp,6-3 7-6(4) 7-6(2),,,,,,,,,,,,,,,,,,,180.0,,,,2025,False,Botic Van De Zandschulp,https://www.tennisabstract.com/cgi-bin/player-classic.cgi?p=BoticVanDeZandschulp,,0.83,0.055,0.1,0.555,0.705,0.408,5.0,9.0,0.5555555555555556,HOLGER RUNE,VAN DE ZANDSCHULP,6-3 7-6(4) 7-6(2),R128,2025|2025-08-25|US Open|R128|HOLGER RUNE|VAN DE ZANDSCHULP|6-3 7-6(4) 7-6(2),G,128
2025-08-25,US Open,Hard,R128,Jack Draper,Federico Agustin Gomez,6-4 7-5 6-7(7) 6-2,1.26,0.105,0.038,0.602,0.813,0.528,2.0,4.0,0.5,0.79,0.11599999999999999,0.047,0.597,0.675,0.5379999999999999,5.0,11.0,0.45454545454545453,181.0,player_profile_classic,player_profile_classic,"['Federico Agustin Gomez', 'Jack Draper']",2025,,,,,,,,,,,,,,,,,,,G,128
2025-08-25,US Open,Hard,R128,Jacob Fearnley,Bautista Agut,7-5 6-2 5-7 6-4,,,,,,,,,,,,,,,,,,,204.0,,,,2025,False,Roberto Bautista Agut,https://www.tennisabstract.com/cgi-bin/player-classic.cgi?p=RobertoBautistaAgut,,0.85,0.015,0.069,0.6409999999999999,0.619,0.46799999999999997,5.0,12.0,0.4166666666666667,JACOB FEARNLEY,BAUTISTA AGUT,7-5 6-2 5-7 6-4,R128,2025|2025-08-25|US Open|R128|JACOB FEARNLEY|BAUTISTA AGUT|7-5 6-2 5-7 6-4,G,128
2025-08-25,US Open,Hard,R128,Jacob Fearnley,Roberto Bautista Agut,7-5 6-2 5-7 6-4,,,,,,,,,,,,,,,,,,,204.0,,,,2025,True,Jacob Fearnley,https://www.tennisabstract.com/cgi-bin/player-classic.cgi?p=JacobFearnley,,1.17,0.135,0.122,0.514,0.789,0.45799999999999996,11.0,15.0,0.7333333333333333,JACOB FEARNLEY,ROBERTO BAUTISTA AGUT,7-5 6-2 5-7 6-4,R128,2025|2025-08-25|US Open|R128|JACOB FEARNLEY|ROBERTO BAUTISTA AGUT|7-5 6-2 5-7 6-4,G,128
2025-08-25,US Open,Hard,R128,Jakub Mensik,Nicolas Jarry,7-6(5) 6-3 6-4,1.18,0.151,0.027999999999999997,0.5379999999999999,0.807,0.49,8.0,10.0,0.8,0.84,0.134,0.052000000000000005,0.649,0.6829999999999999,0.441,5.0,9.0,0.5555555555555556,144.0,player_profile_classic,player_profile_classic,"['Jakub Mensik', 'Nicolas Jarry']",2025,,,,,,,,,,,,,,,,,,,G,128
2025-08-25,US Open,Hard,R128,Jan Lennard Struff,Mackenzie Mcdonald,3-6 7-6(4) 6-3 6-3,1.2,0.138,0.10800000000000001,0.49200000000000005,0.8909999999999999,0.409,4.0,7.0,0.5714285714285714,0.83,0.061,0.091,0.53,0.7,0.435,3.0,8.0,0.375,172.0,player_profile_classic,player_profile_classic,"['Jan Lennard Struff', 'Mackenzie Mcdonald']",2025,,,,,,,,,,,,,,,,,,,G,128
2025-08-25,US Open,Hard,R128,Jannik Sinner,Vit Kopriva,6-1 6-1 6-2,1.94,0.10300000000000001,0.015,0.588,0.825,0.536,2.0,2.0,1.0,0.51,0.063,0.127,0.508,0.594,0.258,3.0,10.0,0.3,98.0,player_profile_classic,player_profile_classic,"['Jannik Sinner', 'Vit Kopriva']",2025,,,,,,,,,,,,,,,,,,,G,128
2025-08-25,US Open,Hard,R128,Jaume Munar,Jaime Faria,6-0 6-3 5-7 6-2,1.35,0.034,0.06,0.701,0.72,0.429,5.0,9.0,0.5555555555555556,0.74,0.032,0.053,0.495,0.66,0.354,4.0,13.0,0.3076923076923077,163.0,player_profile_classic,player_profile_classic,"['Jaime Faria', 'Jaume Munar']",2025,,,,,,,,,,,,,,,,,,,G,128
2025-08-25,US Open,Hard,R128,Jenson Brooksby,Aleksandar Vukic,6-3 6-7(4) 6-4 3-6 6-4,1.04,0.065,0.054000000000000006,0.601,0.6829999999999999,0.478,11.0,17.0,0.6470588235294118,0.96,0.107,0.040999999999999995,0.58,0.7240000000000001,0.39399999999999996,11.0,20.0,0.55,226.0,player_profile_classic,player_profile_classic,"['Jenson Brooksby', 'Aleksandar Vukic']",2025,,,,,,,,,,,,,,,,,,,G,128
2025-08-25,US Open,Hard,R128,Jerome Kym,Ethan Quinn,6-3 6-2 3-6 7-6(5),1.16,0.09300000000000001,0.039,0.612,0.772,0.48,3.0,5.0,0.6,0.86,0.105,0.008,0.597,0.649,0.54,4.0,8.0,0.5,172.0,player_profile_classic,player_profile_classic,"['Jerome Kym', 'Ethan Quinn']",2025,,,,,,,,,,,,,,,,,,,G,128
2025-08-25,US Open,Hard,R128,Jiri Lehecka,Borna Coric,3-6 6-4 7-6(5) 6-1,1.25,0.11,0.051,0.593,0.8,0.521,2.0,5.0,0.4,0.8,0.057,0.057,0.607,0.662,0.521,4.0,8.0,0.5,192.0,player_profile_classic,player_profile_classic,"['Jiri Lehecka', 'Borna Coric']",2025,,,,,,,,,,,,,,,,,,,G,128
2025-08-25,US Open,Hard,R128,Joao Fonseca,Miomir Kecmanovic,7-6(3) 7-6(5) 6-3,1.31,0.139,0.0,0.624,0.746,0.632,1.0,3.0,0.3333333333333333,0.76,0.049,0.049,0.5529999999999999,0.75,0.436,5.0,9.0,0.5555555555555556,146.0,player_profile_classic,player_profile_classic,"['Joao Fonseca', 'Miomir Kecmanovic']",2025,,,,,,,,,,,,,,,,,,,G,128
2025-08-25,US Open,Hard,R128,Jordan Thompson,Corentin Moutet,6-2 6-4 1-6 6-3,1.26,0.1,0.02,0.63,0.7140000000000001,0.595,5.0,8.0,0.625,0.79,0.035,0.044000000000000004,0.5579999999999999,0.6829999999999999,0.46,9.0,14.0,0.6428571428571429,175.0,player_profile_classic,player_profile_classic,"['Jordan Thompson', 'Corentin Moutet']",2025,,,,,,,,,,,,,,,,,,,G,128
2025-08-25,US Open,Hard,R128,Kamil Majchrzak,Hugo Dellien,6-1 6-4 6-7(5) 6-4,1.17,0.128,0.027999999999999997,0.574,0.679,0.467,11.0,16.0,0.6875,0.86,0.027000000000000003,0.054000000000000006,0.595,0.636,0.35,16.0,25.0,0.64,188.0,player_profile_classic,player_profile_classic,"['Kamil Majchrzak', 'Hugo Dellien']",2025,,,,,,,,,,,,,,,,,,,G,128
2025-08-25,US Open,Hard,R128,Karen Khachanov,Nishesh Basavareddy,6-7(5) 6-3 7-5 6-1,1.34,0.152,0.048,0.56,0.8290000000000001,0.509,8.0,10.0,0.8,0.75,0.023,0.039,0.488,0.667,0.5,1.0,8.0,0.125,189.0,player_profile_classic,player_profile_classic,"['Karen Khachanov', 'Nishesh Basavareddy']",2025,,,,,,,,,,,,,,,,,,,G,128
2025-08-25,US Open,Hard,R128,Leandro Riedi,Pedro Martinez,6-4 6-2 6-3,1.58,0.18100000000000002,0.048,0.6629999999999999,0.8,0.536,8.0,8.0,1.0,0.63,0.0,0.099,0.525,0.642,0.43799999999999994,10.0,15.0,0.6666666666666666,128.0,player_profile_classic,player_profile_classic,"['Leandro Riedi', 'Pedro Martinez']",2025,,,,,,,,,,,,,,,,,,,G,128
2025-08-25,US Open,Hard,R128,Lloyd Harris,Sebastian Baez,6-3 7-5 6-4,1.57,0.107,0.06,0.643,0.7959999999999999,0.5329999999999999,4.0,7.0,0.5714285714285714,0.64,0.032,0.021,0.8190000000000001,0.584,0.294,5.0,11.0,0.45454545454545453,137.0,player_profile_classic,player_profile_classic,"['Lloyd Harris', 'Sebastian Baez']",2025,,,,,,,,,,,,,,,,,,,G,128
2025-08-25,US Open,Hard,R128,Lorenzo Musetti,Giovanni Mpetshi Perricard,6-7(3) 6-3 6-4 6-4,,,,,,,,,,,,,,,,,,,152.0,,,,2025,True,Lorenzo Musetti,https://www.tennisabstract.com/cgi-bin/player-classic.cgi?p=LorenzoMusetti,,2.22,0.13,0.01,0.68,0.868,0.875,0.0,0.0,,LORENZO MUSETTI,GIOVANNI MPETSHI PERRICARD,6-7(3) 6-3 6-4 6-4,R128,2025|2025-08-25|US Open|R128|LORENZO MUSETTI|GIOVANNI MPETSHI PERRICARD|6-7(3) 6-3 6-4 6-4,G,128
2025-08-25,US Open,Hard,R128,Lorenzo Musetti,Mpetshi Perricard,6-7(3) 6-3 6-4 6-4,,,,,,,,,,,,,,,,,,,152.0,,,,2025,False,Giovanni Mpetshi Perricard,https://www.tennisabstract.com/cgi-bin/player-classic.cgi?p=GiovanniMpetshiPerricard,,0.45,0.10400000000000001,0.08,0.5920000000000001,0.851,0.51,5.0,8.0,0.625,LORENZO MUSETTI,MPETSHI PERRICARD,6-7(3) 6-3 6-4 6-4,R128,2025|2025-08-25|US Open|R128|LORENZO MUSETTI|MPETSHI PERRICARD|6-7(3) 6-3 6-4 6-4,G,128
2025-08-25,US Open,Hard,R128,Luciano Darderi,Rinky Hijikata,6-2 6-1 6-2,2.21,0.177,0.09699999999999999,0.565,0.943,0.556,0.0,0.0,,0.45,0.044000000000000004,0.07400000000000001,0.529,0.639,0.344,2.0,8.0,0.25,84.0,player_profile_classic,player_profile_classic,"['Luciano Darderi', 'Rinky Hijikata']",2025,,,,,,,,,,,,,,,,,,,G,128
2025-08-25,US Open,Hard,R128,Marcos Giron,Mariano Navone,6-0 7-5 4-6 5-7 6-4,1.14,0.018000000000000002,0.028999999999999998,0.556,0.6629999999999999,0.526,11.0,17.0,0.6470588235294118,0.88,0.032,0.071,0.613,0.589,0.483,7.0,16.0,0.4375,252.0,player_profile_classic,player_profile_classic,"['Marcos Giron', 'Mariano Navone']",2025,,,,,,,,,,,,,,,,,,,G,128
2025-08-25,US Open,Hard,R128,Martin Damm,Darwin Blanch,6-3 6-4 6-4,1.4,0.282,0.047,0.647,0.836,0.6,3.0,3.0,1.0,0.71,0.141,0.038,0.705,0.7090000000000001,0.522,3.0,6.0,0.5,100.0,player_profile_classic,player_profile_classic,"['Darwin Blanch', 'Martin Damm']",2025,,,,,,,,,,,,,,,,,,,G,128
2025-08-25,US Open,Hard,R128,Mattia Bellucci,Juncheng Shang,7-6(0) 1-6 6-3 3-0 RET,1.2,0.113,0.038,0.604,0.672,0.524,12.0,16.0,0.75,0.83,0.024,0.057,0.561,0.623,0.426,6.0,11.0,0.5454545454545454,170.0,player_profile_classic,player_profile_classic,"['Mattia Bellucci', 'Juncheng Shang']",2025,,,,,,,,,,,,,,,,,,,G,128
2025-08-25,US Open,Hard,R128,Novak Djokovic,Learner Tien,6-1 7-6(3) 6-2,1.5,0.07400000000000001,0.043,0.596,0.768,0.474,6.0,8.0,0.75,0.66,0.011000000000000001,0.079,0.629,0.5539999999999999,0.33299999999999996,3.0,9.0,0.3333333333333333,145.0,player_profile_classic,player_profile_classic,"['Novak Djokovic', 'Learner Tien']",2025,,,,,,,,,,,,,,,,,,,G,128
2025-08-25,US Open,Hard,R128,Nuno Borges,Brandon Holt,6-4 6-2 6-3,1.5,0.12,0.048,0.6509999999999999,0.778,0.517,2.0,4.0,0.5,0.66,0.057,0.0,0.529,0.609,0.439,11.0,17.0,0.6470588235294118,109.0,player_profile_classic,player_profile_classic,"['Brandon Holt', 'Nuno Borges']",2025,,,,,,,,,,,,,,,,,,,G,128
2025-08-25,US Open,Hard,R128,Pablo Carreno Busta,Llamas Ruiz,7-6(7) 6-4 6-2,,,,,,,,,,,,,,,,,,,146.0,,,,2025,False,Pablo Llamas Ruiz,https://www.tennisabstract.com/cgi-bin/player-classic.cgi?p=PabloLlamasRuiz,,0.68,0.102,0.068,0.593,0.7290000000000001,0.43799999999999994,11.0,14.0,0.7857142857142857,PABLO CARRENO BUSTA,LLAMAS RUIZ,7-6(7) 6-4 6-2,R128,2025|2025-08-25|US Open|R128|PABLO CARRENO BUSTA|LLAMAS RUIZ|7-6(7) 6-4 6-2,G,128
2025-08-25,US Open,Hard,R128,Raphael Collignon,Daniel Elahi Galan,6-4 6-4 6-4,1.28,0.063,0.053,0.537,0.745,0.614,5.0,6.0,0.8333333333333334,0.78,0.075,0.057,0.519,0.727,0.451,7.0,11.0,0.6363636363636364,139.0,player_profile_classic,player_profile_classic,"['Daniel Elahi Galan', 'Raphael Collignon']",2025,,,,,,,,,,,,,,,,,,,G,128
2025-08-25,US Open,Hard,R128,Roman Safiullin,Gael Monfils,6-4 2-6 6-1 3-6 6-4,1.06,0.067,0.025,0.6890000000000001,0.732,0.37799999999999995,1.0,7.0,0.14285714285714285,0.94,0.128,0.085,0.504,0.746,0.44799999999999995,5.0,12.0,0.4166666666666667,163.0,player_profile_classic,player_profile_classic,"['Gael Monfils', 'Roman Safiullin']",2025,,,,,,,,,,,,,,,,,,,G,128
2025-08-25,US Open,Hard,R128,Shintaro Mochizuki,Hugo Gaston,6-4 6-3 6-4,1.29,0.047,0.059000000000000004,0.47100000000000003,0.7,0.489,6.0,11.0,0.5454545454545454,0.78,0.021,0.042,0.583,0.518,0.4,14.0,23.0,0.6086956521739131,116.0,player_profile_classic,player_profile_classic,"['Shintaro Mochizuki', 'Hugo Gaston']",2025,,,,,,,,,,,,,,,,,,,G,128
2025-08-25,US Open,Hard,R128,Stefanos Tsitsipas,Alexandre Muller,4-6 6-0 6-1 7-6(5),1.62,0.152,0.028999999999999998,0.59,0.8390000000000001,0.581,5.0,7.0,0.7142857142857143,0.62,0.036000000000000004,0.045,0.6759999999999999,0.653,0.389,9.0,15.0,0.6,133.0,player_profile_classic,player_profile_classic,"['Stefanos Tsitsipas', 'Alexandre Muller']",2025,,,,,,,,,,,,,,,,,,,G,128
2025-08-25,US Open,Hard,R128,Taylor Fritz,Emilio Nava,7-5 6-2 6-3,1.53,0.125,0.057,0.568,0.78,0.684,4.0,4.0,1.0,0.65,0.09,0.06,0.63,0.6509999999999999,0.514,6.0,10.0,0.6,118.0,player_profile_classic,player_profile_classic,"['Taylor Fritz', 'Emilio Nava']",2025,,,,,,,,,,,,,,,,,,,G,128
2025-08-25,US Open,Hard,R128,Tomas Machac,Luca Nardi,6-3 6-1 6-1,2.23,0.172,0.0,0.69,0.775,0.778,2.0,2.0,1.0,0.45,0.013999999999999999,0.139,0.431,0.677,0.366,7.0,14.0,0.5,80.0,player_profile_classic,player_profile_classic,"['Tomas Machac', 'Luca Nardi']",2025,,,,,,,,,,,,,,,,,,,G,128
2025-08-25,US Open,Hard,R128,Tomas Martin Etcheverry,Camilo Ugo Carabelli,6-3 6-2 6-0,,,,,,,,,,,,,,,,,,,105.0,,,,2025,True,Tomas Martin Etcheverry,https://www.tennisabstract.com/cgi-bin/player-classic.cgi?p=TomasMartinEtcheverry,,2.12,0.149,0.0,0.716,0.7709999999999999,0.632,0.0,1.0,0.0,TOMAS MARTIN ETCHEVERRY,CAMILO UGO CARABELLI,6-3 6-2 6-0,R128,2025|2025-08-25|US Open|R128|TOMAS MARTIN ETCHEVERRY|CAMILO UGO CARABELLI|6-3 6-2 6-0,G,128
2025-08-25,US Open,Hard,R128,Tomas Martin Etcheverry,Ugo Carabelli,6-3 6-2 6-0,,,,,,,,,,,,,,,,,,,105.0,,,,2025,False,Camilo Ugo Carabelli,https://www.tennisabstract.com/cgi-bin/player-classic.cgi?p=CamiloUgoCarabelli,,0.47,0.062,0.12300000000000001,0.415,0.48100000000000004,0.395,4.0,11.0,0.36363636363636365,TOMAS MARTIN ETCHEVERRY,UGO CARABELLI,6-3 6-2 6-0,R128,2025|2025-08-25|US Open|R128|TOMAS MARTIN ETCHEVERRY|UGO CARABELLI|6-3 6-2 6-0,G,128
2025-08-25,US Open,Hard,R128,Tommy Paul,Elmer Moller,6-3 6-3 6-1,1.81,0.055,0.040999999999999995,0.507,0.838,0.639,0.0,0.0,,0.55,0.012,0.145,0.494,0.634,0.429,5.0,10.0,0.5,108.0,player_profile_classic,player_profile_classic,"['Tommy Paul', 'Elmer Moller']",2025,,,,,,,,,,,,,,,,,,,G,128
2025-08-25,US Open,Hard,R128,Tristan Boyer,James Duckworth,6-3 7-5 6-4,1.4,0.034,0.034,0.47100000000000003,0.8290000000000001,0.5429999999999999,0.0,3.0,0.0,0.71,0.044000000000000004,0.08800000000000001,0.5379999999999999,0.7140000000000001,0.35700000000000004,6.0,12.0,0.5,122.0,player_profile_classic,player_profile_classic,"['James Duckworth', 'Tristan Boyer']",2025,,,,,,,,,,,,,,,,,,,G,128
2025-08-25,US Open,Hard,R128,Tristan Schoolkate,Lorenzo Sonego,6-3 7-6(8) 1-6 1-6 7-6(6),0.98,0.063,0.069,0.5720000000000001,0.758,0.5,8.0,14.0,0.5714285714285714,1.02,0.113,0.051,0.605,0.7290000000000001,0.5429999999999999,12.0,14.0,0.8571428571428571,258.0,player_profile_classic,player_profile_classic,"['Tristan Schoolkate', 'Lorenzo Sonego']",2025,,,,,,,,,,,,,,,,,,,G,128
2025-08-25,US Open,Hard,R128,Ugo Blanchet,Fabian Marozsan,6-4 3-6 7-6(7) 6-2,1.05,0.077,0.054000000000000006,0.569,0.73,0.536,3.0,6.0,0.5,0.95,0.063,0.048,0.627,0.6579999999999999,0.574,4.0,9.0,0.4444444444444444,167.0,player_profile_classic,player_profile_classic,"['Fabian Marozsan', 'Ugo Blanchet']",2025,,,,,,,,,,,,,,,,,,,G,128
2025-08-25,US Open,Hard,R128,Valentin Royer,Bu Yunchaokete,6-1 6-4 7-6(1),1.34,0.126,0.011000000000000001,0.6629999999999999,0.81,0.563,5.0,5.0,1.0,0.75,0.122,0.033,0.556,0.74,0.5,1.0,4.0,0.25,135.0,player_profile_classic,player_profile_classic,"['Valentin Royer', 'Bu Yunchaokete']",2025,,,,,,,,,,,,,,,,,,,G,128
2025-08-25,US Open,Hard,R128,Zachary Svajda,Zsombor Piros,6-4 6-2 7-5,1.39,0.165,0.012,0.5760000000000001,0.7959999999999999,0.33299999999999996,3.0,8.0,0.375,0.72,0.057,0.068,0.557,0.551,0.308,5.0,14.0,0.35714285714285715,128.0,player_profile_classic,player_profile_classic,"['Zsombor Piros', 'Zachary Svajda']",2025,,,,,,,,,,,,,,,,,,,G,128
2025-08-25,US Open,Hard,R128,Zizou Bergs,Chun Hsin Tseng,6-3 6-4 6-3,1.5,0.10300000000000001,0.07400000000000001,0.529,0.722,0.531,1.0,5.0,0.2,0.67,0.0,0.038,0.526,0.488,0.405,5.0,13.0,0.38461538461538464,113.0,player_profile_classic,player_profile_classic,"['Zizou Bergs', 'Chun Hsin Tseng']",2025,,,,,,,,,,,,,,,,,,,G,128
2025-08-25,US Open,Hard,R16,Alex De Minaur,Leandro Riedi,6-3 6-2 6-1,,,,,,,,,,,,,,,,,,,93.0,,,,2025,False,Leandro Riedi,https://www.tennisabstract.com/cgi-bin/player-classic.cgi?p=LeandroRiedi,,0.62,0.043,0.129,0.514,0.47200000000000003,0.353,7.0,15.0,0.4666666666666667,ALEX DE MINAUR,LEANDRO RIEDI,6-3 6-2 6-1,R16,2025|2025-08-25|US Open|R16|ALEX DE MINAUR|LEANDRO RIEDI|6-3 6-2 6-1,G,128
2025-08-25,US Open,Hard,R16,Auger Aliassime,Andrey Rublev,7-5 6-3 6-4,,,,,,,,,,,,,,,,,,,136.0,,,,2025,True,Felix Auger Aliassime,https://www.tennisabstract.com/cgi-bin/player-classic.cgi?p=FelixAugerAliassime,,1.51,0.14300000000000002,0.044000000000000004,0.659,0.833,0.5479999999999999,3.0,4.0,0.75,AUGER ALIASSIME,ANDREY RUBLEV,7-5 6-3 6-4,R16,2025|2025-08-25|US Open|R16|AUGER ALIASSIME|ANDREY RUBLEV|7-5 6-3 6-4,G,128
2025-08-25,US Open,Hard,R16,Carlos Alcaraz,Arthur Rinderknech,7-6(3) 6-3 6-4,1.81,0.07,0.012,0.616,0.8490000000000001,0.758,2.0,2.0,1.0,0.55,0.124,0.045,0.573,0.804,0.474,3.0,5.0,0.6,132.0,player_profile_classic,player_profile_classic,"['Carlos Alcaraz', 'Arthur Rinderknech']",2025,,,,,,,,,,,,,,,,,,,G,128
2025-08-25,US Open,Hard,R16,De Minaur,Leandro Riedi,6-3 6-2 6-1,,,,,,,,,,,,,,,,,,,93.0,,,,2025,True,Alex De Minaur,https://www.tennisabstract.com/cgi-bin/player-classic.cgi?p=AlexDeMinaur,,1.61,0.11699999999999999,0.039,0.623,0.7290000000000001,0.483,4.0,6.0,0.6666666666666666,DE MINAUR,LEANDRO RIEDI,6-3 6-2 6-1,R16,2025|2025-08-25|US Open|R16|DE MINAUR|LEANDRO RIEDI|6-3 6-2 6-1,G,128
2025-08-25,US Open,Hard,R16,Felix Auger Aliassime,Andrey Rublev,7-5 6-3 6-4,,,,,,,,,,,,,,,,,,,136.0,,,,2025,False,Andrey Rublev,https://www.tennisabstract.com/cgi-bin/player-classic.cgi?p=AndreyRublev,,0.66,0.065,0.043,0.5379999999999999,0.7,0.488,3.0,7.0,0.42857142857142855,FELIX AUGER ALIASSIME,ANDREY RUBLEV,7-5 6-3 6-4,R16,2025|2025-08-25|US Open|R16|FELIX AUGER ALIASSIME|ANDREY RUBLEV|7-5 6-3 6-4,G,128
2025-08-25,US Open,Hard,R16,Jannik Sinner,Alexander Bublik,6-1 6-1 6-1,2.52,0.151,0.019,0.585,0.8059999999999999,0.727,1.0,1.0,1.0,0.4,0.025,0.165,0.595,0.596,0.188,9.0,17.0,0.5294117647058824,81.0,player_profile_classic,player_profile_classic,"['Alexander Bublik', 'Jannik Sinner']",2025,,,,,,,,,,,,,,,,,,,G,128
2025-08-25,US Open,Hard,R16,Jiri Lehecka,Adrian Mannarino,7-6(4) 6-4 2-6 6-2,1.13,0.154,0.085,0.521,0.721,0.46399999999999997,2.0,7.0,0.2857142857142857,0.89,0.028999999999999998,0.028999999999999998,0.54,0.595,0.49200000000000005,11.0,17.0,0.6470588235294118,194.0,player_profile_classic,player_profile_classic,"['Jiri Lehecka', 'Adrian Mannarino']",2025,,,,,,,,,,,,,,,,,,,G,128
2025-08-25,US Open,Hard,R16,Lorenzo Musetti,Jaume Munar,6-3 6-0 6-1,2.12,0.10800000000000001,0.062,0.508,0.818,0.6559999999999999,4.0,4.0,1.0,0.47,0.036000000000000004,0.08900000000000001,0.48200000000000004,0.48100000000000004,0.414,1.0,8.0,0.125,97.0,player_profile_classic,player_profile_classic,"['Lorenzo Musetti', 'Jaume Munar']",2025,,,,,,,,,,,,,,,,,,,G,128
2025-08-25,US Open,Hard,R16,Novak Djokovic,Jan Lennard Struff,6-3 6-3 6-2,1.67,0.162,0.0,0.649,0.792,0.5770000000000001,0.0,1.0,0.0,0.6,0.077,0.077,0.48700000000000004,0.6579999999999999,0.4,2.0,8.0,0.25,109.0,player_profile_classic,player_profile_classic,"['Jan Lennard Struff', 'Novak Djokovic']",2025,,,,,,,,,,,,,,,,,,,G,128
2025-08-25,US Open,Hard,R16,Taylor Fritz,Tomas Machac,6-4 6-3 6-3,2.03,0.203,0.028999999999999998,0.623,0.907,0.654,0.0,0.0,,0.49,0.049,0.037000000000000005,0.5429999999999999,0.705,0.514,4.0,8.0,0.5,98.0,player_profile_classic,player_profile_classic,"['Taylor Fritz', 'Tomas Machac']",2025,,,,,,,,,,,,,,,,,,,G,128
2025-08-25,US Open,Hard,R32,Adrian Mannarino,Ben Shelton,3-6 6-3 4-6 6-4 RET,0.9,0.031,0.023,0.615,0.725,0.5,7.0,10.0,0.7,1.11,0.10300000000000001,0.027999999999999997,0.748,0.763,0.40700000000000003,6.0,9.0,0.6666666666666666,187.0,player_profile_classic,player_profile_classic,"['Adrian Mannarino', 'Ben Shelton']",2025,,,,,,,,,,,,,,,,,,,G,128
2025-08-25,US Open,Hard,R32,Alex De Minaur,Daniel Altmaier,6-7(7) 6-3 6-4 2-0 RET,,,,,,,,,,,,,,,,,,,182.0,,,,2025,False,Daniel Altmaier,https://www.tennisabstract.com/cgi-bin/player-classic.cgi?p=DanielAltmaier,,0.73,0.036000000000000004,0.027000000000000003,0.509,0.625,0.611,4.0,7.0,0.5714285714285714,ALEX DE MINAUR,DANIEL ALTMAIER,6-7(7) 6-3 6-4 2-0 RET,R32,2025|2025-08-25|US Open|R32|ALEX DE MINAUR|DANIEL ALTMAIER|6-7(7) 6-3 6-4 2-0 RET,G,128
2025-08-25,US Open,Hard,R32,Alexander Bublik,Tommy Paul,7-6(5) 6-7(4) 6-3 6-7(5) 6-1,1.12,0.12300000000000001,0.067,0.615,0.8270000000000001,0.522,6.0,6.0,1.0,0.89,0.063,0.025,0.606,0.753,0.556,5.0,8.0,0.625,218.0,player_profile_classic,player_profile_classic,"['Alexander Bublik', 'Tommy Paul']",2025,,,,,,,,,,,,,,,,,,,G,128
2025-08-25,US Open,Hard,R32,Andrey Rublev,Coleman Wong,2-6 6-4 6-3 4-6 6-3,1.11,0.10800000000000001,0.057999999999999996,0.504,0.8140000000000001,0.522,3.0,6.0,0.5,0.9,0.17600000000000002,0.027999999999999997,0.627,0.708,0.509,7.0,11.0,0.6363636363636364,190.0,player_profile_classic,player_profile_classic,"['Coleman Wong', 'Andrey Rublev']",2025,,,,,,,,,,,,,,,,,,,G,128
2025-08-25,US Open,Hard,R32,Arthur Rinderknech,Benjamin Bonzi,4-6 6-3 6-3 6-2,1.24,0.134,0.027000000000000003,0.652,0.7809999999999999,0.564,4.0,5.0,0.8,0.8,0.02,0.02,0.604,0.705,0.525,1.0,6.0,0.16666666666666666,159.0,player_profile_classic,player_profile_classic,"['Benjamin Bonzi', 'Arthur Rinderknech']",2025,,,,,,,,,,,,,,,,,,,G,128
2025-08-25,US Open,Hard,R32,Auger Aliassime,Alexander Zverev,4-6 7-6(7) 6-4 6-4,,,,,,,,,,,,,,,,,,,228.0,,,,2025,True,Felix Auger Aliassime,https://www.tennisabstract.com/cgi-bin/player-classic.cgi?p=FelixAugerAliassime,,1.3,0.078,0.062,0.589,0.7759999999999999,0.66,7.0,9.0,0.7777777777777778,AUGER ALIASSIME,ALEXANDER ZVEREV,4-6 7-6(7) 6-4 6-4,R32,2025|2025-08-25|US Open|R32|AUGER ALIASSIME|ALEXANDER ZVEREV|4-6 7-6(7) 6-4 6-4,G,128
2025-08-25,US Open,Hard,R32,Carlos Alcaraz,Luciano Darderi,6-2 6-4 6-0,1.86,0.129,0.013999999999999999,0.6709999999999999,0.787,0.565,2.0,3.0,0.6666666666666666,0.54,0.065,0.10400000000000001,0.506,0.615,0.316,11.0,18.0,0.6111111111111112,104.0,player_profile_classic,player_profile_classic,"['Carlos Alcaraz', 'Luciano Darderi']",2025,,,,,,,,,,,,,,,,,,,G,128
2025-08-25,US Open,Hard,R32,De Minaur,Daniel Altmaier,6-7(7) 6-3 6-4 2-0 RET,,,,,,,,,,,,,,,,,,,182.0,,,,2025,True,Alex De Minaur,https://www.tennisabstract.com/cgi-bin/player-classic.cgi?p=AlexDeMinaur,,1.37,0.099,0.045,0.541,0.767,0.667,6.0,6.0,1.0,DE MINAUR,DANIEL ALTMAIER,6-7(7) 6-3 6-4 2-0 RET,R32,2025|2025-08-25|US Open|R32|DE MINAUR|DANIEL ALTMAIER|6-7(7) 6-3 6-4 2-0 RET,G,128
2025-08-25,US Open,Hard,R32,Felix Auger Aliassime,Alexander Zverev,4-6 7-6(7) 6-4 6-4,,,,,,,,,,,,,,,,,,,228.0,,,,2025,False,Alexander Zverev,https://www.tennisabstract.com/cgi-bin/player-classic.cgi?p=AlexanderZverev,,0.77,0.09,0.038,0.7140000000000001,0.6629999999999999,0.605,3.0,6.0,0.5,FELIX AUGER ALIASSIME,ALEXANDER ZVEREV,4-6 7-6(7) 6-4 6-4,R32,2025|2025-08-25|US Open|R32|FELIX AUGER ALIASSIME|ALEXANDER ZVEREV|4-6 7-6(7) 6-4 6-4,G,128
2025-08-25,US Open,Hard,R32,Jan Lennard Struff,Frances Tiafoe,6-4 6-3 7-6(7),1.53,0.16699999999999998,0.048,0.619,0.885,0.5,0.0,2.0,0.0,0.65,0.134,0.045,0.545,0.705,0.47100000000000003,5.0,10.0,0.5,130.0,player_profile_classic,player_profile_classic,"['Frances Tiafoe', 'Jan Lennard Struff']",2025,,,,,,,,,,,,,,,,,,,G,128
2025-08-25,US Open,Hard,R32,Jannik Sinner,Denis Shapovalov,5-7 6-4 6-3 6-3,1.35,0.018000000000000002,0.045,0.5820000000000001,0.8440000000000001,0.5,3.0,6.0,0.5,0.74,0.11900000000000001,0.071,0.524,0.727,0.45,7.0,13.0,0.5384615384615384,192.0,player_profile_classic,player_profile_classic,"['Denis Shapovalov', 'Jannik Sinner']",2025,,,,,,,,,,,,,,,,,,,G,128
2025-08-25,US Open,Hard,R32,Jaume Munar,Zizou Bergs,6-1 6-4 6-4,1.48,0.012,0.012,0.691,0.679,0.52,3.0,7.0,0.42857142857142855,0.67,0.037000000000000005,0.098,0.524,0.581,0.308,5.0,12.0,0.4166666666666667,129.0,player_profile_classic,player_profile_classic,"['Jaume Munar', 'Zizou Bergs']",2025,,,,,,,,,,,,,,,,,,,G,128
2025-08-25,US Open,Hard,R32,Jiri Lehecka,Raphael Collignon,6-4 6-4 6-4,1.43,0.036000000000000004,0.024,0.494,0.8290000000000001,0.524,5.0,8.0,0.625,0.7,0.096,0.12300000000000001,0.614,0.7290000000000001,0.22699999999999998,11.0,17.0,0.6470588235294118,131.0,player_profile_classic,player_profile_classic,"['Raphael Collignon', 'Jiri Lehecka']",2025,,,,,,,,,,,,,,,,,,,G,128
2025-08-25,US Open,Hard,R32,Leandro Riedi,Kamil Majchrzak,5-3 RET,1.27,0.04,0.04,0.56,0.643,0.364,2.0,4.0,0.5,0.79,0.0,0.0,0.696,0.563,0.0,0.0,3.0,0.0,29.0,player_profile_classic,player_profile_classic,"['Leandro Riedi', 'Kamil Majchrzak']",2025,,,,,,,,,,,,,,,,,,,G,128
2025-08-25,US Open,Hard,R32,Lorenzo Musetti,Flavio Cobolli,6-3 6-2 2-0 RET,1.59,0.048,0.081,0.516,0.7809999999999999,0.5329999999999999,5.0,6.0,0.8333333333333334,0.63,0.0,0.037000000000000005,0.574,0.5479999999999999,0.348,4.0,9.0,0.4444444444444444,93.0,player_profile_classic,player_profile_classic,"['Lorenzo Musetti', 'Flavio Cobolli']",2025,,,,,,,,,,,,,,,,,,,G,128
2025-08-25,US Open,Hard,R32,Novak Djokovic,Cameron Norrie,6-4 6-7(4) 6-2 6-3,1.72,0.17300000000000001,0.057999999999999996,0.635,0.833,0.684,0.0,1.0,0.0,0.58,0.071,0.032,0.7140000000000001,0.667,0.5,7.0,12.0,0.5833333333333334,170.0,player_profile_classic,player_profile_classic,"['Novak Djokovic', 'Cameron Norrie']",2025,,,,,,,,,,,,,,,,,,,G,128
2025-08-25,US Open,Hard,R32,Taylor Fritz,Jerome Kym,7-6(3) 6-7(9) 6-4 6-4,1.27,0.157,0.008,0.622,0.835,0.625,1.0,2.0,0.5,0.79,0.124,0.039,0.5429999999999999,0.8,0.5589999999999999,3.0,6.0,0.5,178.0,player_profile_classic,player_profile_classic,"['Jerome Kym', 'Taylor Fritz']",2025,,,,,,,,,,,,,,,,,,,G,128
2025-08-25,US Open,Hard,R32,Tomas Machac,Ugo Blanchet,7-5 6-3 6-1,1.7,0.078,0.026000000000000002,0.584,0.778,0.563,3.0,5.0,0.6,0.59,0.047,0.071,0.494,0.595,0.349,2.0,9.0,0.2222222222222222,112.0,player_profile_classic,player_profile_classic,"['Ugo Blanchet', 'Tomas Machac']",2025,,,,,,,,,,,,,,,,,,,G,128
2025-08-25,US Open,Hard,R64,Adrian Mannarino,Jordan Thompson,6-4 6-7(5) 6-3 6-3,1.22,0.047,0.024,0.551,0.757,0.614,8.0,9.0,0.8888888888888888,0.82,0.075,0.022000000000000002,0.642,0.628,0.625,7.0,12.0,0.5833333333333334,210.0,player_profile_classic,player_profile_classic,"['Adrian Mannarino', 'Jordan Thompson']",2025,,,,,,,,,,,,,,,,,,,G,128
2025-08-25,US Open,Hard,R64,Alex De Minaur,Shintaro Mochizuki,6-2 6-4 6-2,,,,,,,,,,,,,,,,,,,120.0,,,,2025,False,Shintaro Mochizuki,https://www.tennisabstract.com/cgi-bin/player-classic.cgi?p=ShintaroMochizuki,,0.73,0.06,0.095,0.44,0.622,0.36200000000000004,2.0,9.0,0.2222222222222222,ALEX DE MINAUR,SHINTARO MOCHIZUKI,6-2 6-4 6-2,R64,2025|2025-08-25|US Open|R64|ALEX DE MINAUR|SHINTARO MOCHIZUKI|6-2 6-4 6-2,G,128
2025-08-25,US Open,Hard,R64,Alexander Bublik,Tristan Schoolkate,6-3 6-3 6-3,1.34,0.18,0.067,0.64,0.8420000000000001,0.43799999999999994,4.0,4.0,1.0,0.75,0.063,0.063,0.62,0.653,0.5,2.0,6.0,0.3333333333333333,103.0,player_profile_classic,player_profile_classic,"['Alexander Bublik', 'Tristan Schoolkate']",2025,,,,,,,,,,,,,,,,,,,G,128
2025-08-25,US Open,Hard,R64,Alexander Zverev,Jacob Fearnley,6-4 6-4 6-4,1.14,0.08800000000000001,0.039,0.6859999999999999,0.6859999999999999,0.469,3.0,5.0,0.6,0.87,0.042,0.125,0.698,0.657,0.345,9.0,14.0,0.6428571428571429,148.0,player_profile_classic,player_profile_classic,"['Alexander Zverev', 'Jacob Fearnley']",2025,,,,,,,,,,,,,,,,,,,G,128
2025-08-25,US Open,Hard,R64,Andrey Rublev,Tristan Boyer,6-3 6-3 5-7 7-6(4),1.15,0.159,0.038,0.5760000000000001,0.816,0.48200000000000004,4.0,7.0,0.5714285714285714,0.87,0.053,0.045,0.511,0.735,0.508,6.0,11.0,0.5454545454545454,175.0,player_profile_classic,player_profile_classic,"['Tristan Boyer', 'Andrey Rublev']",2025,,,,,,,,,,,,,,,,,,,G,128
2025-08-25,US Open,Hard,R64,Arthur Rinderknech,Alejandro Davidovich Fokina,6-4 3-6 2-6 6-2 6-3,,,,,,,,,,,,,,,,,,,194.0,,,,2025,True,Arthur Rinderknech,https://www.tennisabstract.com/cgi-bin/player-classic.cgi?p=ArthurRinderknech,,0.97,0.061,0.068,0.614,0.7040000000000001,0.51,7.0,12.0,0.5833333333333334,ARTHUR RINDERKNECH,ALEJANDRO DAVIDOVICH FOKINA,6-4 3-6 2-6 6-2 6-3,R64,2025|2025-08-25|US Open|R64|ARTHUR RINDERKNECH|ALEJANDRO DAVIDOVICH FOKINA|6-4 3-6 2-6 6-2 6-3,G,128
2025-08-25,US Open,Hard,R64,Arthur Rinderknech,Davidovich Fokina,6-4 3-6 2-6 6-2 6-3,,,,,,,,,,,,,,,,,,,194.0,,,,2025,False,Alejandro Davidovich Fokina,https://www.tennisabstract.com/cgi-bin/player-classic.cgi?p=AlejandroDavidovichFokina,,1.03,0.046,0.038,0.6459999999999999,0.7140000000000001,0.5,7.0,13.0,0.5384615384615384,ARTHUR RINDERKNECH,DAVIDOVICH FOKINA,6-4 3-6 2-6 6-2 6-3,R64,2025|2025-08-25|US Open|R64|ARTHUR RINDERKNECH|DAVIDOVICH FOKINA|6-4 3-6 2-6 6-2 6-3,G,128
2025-08-25,US Open,Hard,R64,Auger Aliassime,Roman Safiullin,6-1 7-6(4) 7-6(5),,,,,,,,,,,,,,,,,,,175.0,,,,2025,True,Felix Auger Aliassime,https://www.tennisabstract.com/cgi-bin/player-classic.cgi?p=FelixAugerAliassime,,1.5,0.132,0.047,0.679,0.792,0.588,6.0,7.0,0.8571428571428571,AUGER ALIASSIME,ROMAN SAFIULLIN,6-1 7-6(4) 7-6(5),R64,2025|2025-08-25|US Open|R64|AUGER ALIASSIME|ROMAN SAFIULLIN|6-1 7-6(4) 7-6(5),G,128
2025-08-25,US Open,Hard,R64,Ben Shelton,Carreno Busta,6-4 6-2 6-4,,,,,,,,,,,,,,,,,,,118.0,,,,2025,False,Pablo Carreno Busta,https://www.tennisabstract.com/cgi-bin/player-classic.cgi?p=PabloCarrenoBusta,,0.66,0.0,0.024,0.682,0.586,0.37,1.0,7.0,0.14285714285714285,BEN SHELTON,CARRENO BUSTA,6-4 6-2 6-4,R64,2025|2025-08-25|US Open|R64|BEN SHELTON|CARRENO BUSTA|6-4 6-2 6-4,G,128
2025-08-25,US Open,Hard,R64,Ben Shelton,Pablo Carreno Busta,6-4 6-2 6-4,,,,,,,,,,,,,,,,,,,118.0,,,,2025,True,Ben Shelton,https://www.tennisabstract.com/cgi-bin/player-classic.cgi?p=BenShelton,,1.5,0.10300000000000001,0.026000000000000002,0.667,0.731,0.5770000000000001,2.0,4.0,0.5,BEN SHELTON,PABLO CARRENO BUSTA,6-4 6-2 6-4,R64,2025|2025-08-25|US Open|R64|BEN SHELTON|PABLO CARRENO BUSTA|6-4 6-2 6-4,G,128
2025-08-25,US Open,Hard,R64,Benjamin Bonzi,Marcos Giron,2-6 4-6 7-5 6-3 6-4,0.98,0.07400000000000001,0.043,0.626,0.6759999999999999,0.525,10.0,15.0,0.6666666666666666,1.02,0.046,0.02,0.601,0.7390000000000001,0.45899999999999996,10.0,15.0,0.6666666666666666,220.0,player_profile_classic,player_profile_classic,"['Benjamin Bonzi', 'Marcos Giron']",2025,,,,,,,,,,,,,,,,,,,G,128
2025-08-25,US Open,Hard,R64,Cameron Norrie,Francisco Comesana,7-6(5) 6-3 6-7(0) 7-6(4),1.06,0.048,0.036000000000000004,0.606,0.65,0.508,14.0,20.0,0.7,0.94,0.096,0.07200000000000001,0.569,0.747,0.33299999999999996,12.0,20.0,0.6,240.0,player_profile_classic,player_profile_classic,"['Cameron Norrie', 'Francisco Comesana']",2025,,,,,,,,,,,,,,,,,,,G,128
2025-08-25,US Open,Hard,R64,Carlos Alcaraz,Mattia Bellucci,6-1 6-0 6-3,2.37,0.121,0.034,0.603,0.857,0.652,0.0,0.0,,0.42,0.024,0.024,0.627,0.423,0.5479999999999999,10.0,17.0,0.5882352941176471,96.0,player_profile_classic,player_profile_classic,"['Carlos Alcaraz', 'Mattia Bellucci']",2025,,,,,,,,,,,,,,,,,,,G,128
2025-08-25,US Open,Hard,R64,Coleman Wong,Adam Walton,7-6(5) 6-2 4-6 6-4,1.26,0.162,0.038,0.5539999999999999,0.736,0.534,11.0,16.0,0.6875,0.8,0.052000000000000005,0.044000000000000004,0.57,0.61,0.483,8.0,15.0,0.5333333333333333,181.0,player_profile_classic,player_profile_classic,"['Adam Walton', 'Coleman Wong']",2025,,,,,,,,,,,,,,,,,,,G,128
2025-08-25,US Open,Hard,R64,Daniel Altmaier,Stefanos Tsitsipas,7-6(5) 1-6 4-6 6-3 7-5,0.91,0.086,0.046,0.649,0.726,0.41,8.0,13.0,0.6153846153846154,1.1,0.10400000000000001,0.07400000000000001,0.515,0.821,0.46799999999999997,5.0,9.0,0.5555555555555556,261.0,player_profile_classic,player_profile_classic,"['Daniel Altmaier', 'Stefanos Tsitsipas']",2025,,,,,,,,,,,,,,,,,,,G,128
2025-08-25,US Open,Hard,R64,De Minaur,Shintaro Mochizuki,6-2 6-4 6-2,,,,,,,,,,,,,,,,,,,120.0,,,,2025,True,Alex De Minaur,https://www.tennisabstract.com/cgi-bin/player-classic.cgi?p=AlexDeMinaur,,1.38,0.065,0.043,0.63,0.69,0.5,12.0,14.0,0.8571428571428571,DE MINAUR,SHINTARO MOCHIZUKI,6-2 6-4 6-2,R64,2025|2025-08-25|US Open|R64|DE MINAUR|SHINTARO MOCHIZUKI|6-2 6-4 6-2,G,128
2025-08-25,US Open,Hard,R64,Denis Shapovalov,Valentin Royer,7-6(6) 3-6 7-6(4) 6-3,1.16,0.218,0.113,0.534,0.8170000000000001,0.435,8.0,13.0,0.6153846153846154,0.86,0.042,0.06,0.599,0.63,0.507,8.0,14.0,0.5714285714285714,216.0,player_profile_classic,player_profile_classic,"['Denis Shapovalov', 'Valentin Royer']",2025,,,,,,,,,,,,,,,,,,,G,128
2025-08-25,US Open,Hard,R64,Felix Auger Aliassime,Roman Safiullin,6-1 7-6(4) 7-6(5),,,,,,,,,,,,,,,,,,,175.0,,,,2025,False,Roman Safiullin,https://www.tennisabstract.com/cgi-bin/player-classic.cgi?p=RomanSafiullin,,0.67,0.031,0.07,0.667,0.6859999999999999,0.395,10.0,13.0,0.7692307692307693,FELIX AUGER ALIASSIME,ROMAN SAFIULLIN,6-1 7-6(4) 7-6(5),R64,2025|2025-08-25|US Open|R64|FELIX AUGER ALIASSIME|ROMAN SAFIULLIN|6-1 7-6(4) 7-6(5),G,128
2025-08-25,US Open,Hard,R64,Flavio Cobolli,Jenson Brooksby,5-7 6-3 6-4 2-6 7-6(3),0.91,0.02,0.039,0.532,0.639,0.5579999999999999,16.0,22.0,0.7272727272727273,1.1,0.032,0.039,0.591,0.758,0.46,9.0,14.0,0.6428571428571429,272.0,player_profile_classic,player_profile_classic,"['Flavio Cobolli', 'Jenson Brooksby']",2025,,,,,,,,,,,,,,,,,,,G,128
2025-08-25,US Open,Hard,R64,Frances Tiafoe,Martin Damm,6-4 7-5 6-7(8) 7-5,1.58,0.106,0.008,0.626,0.857,0.7390000000000001,3.0,3.0,1.0,0.63,0.19,0.049,0.613,0.782,0.5820000000000001,6.0,9.0,0.6666666666666666,176.0,player_profile_classic,player_profile_classic,"['Frances Tiafoe', 'Martin Damm']",2025,,,,,,,,,,,,,,,,,,,G,128
2025-08-25,US Open,Hard,R64,Jan Lennard Struff,Holger Rune,7-6(5) 2-6 6-3 4-6 7-5,1.0,0.17600000000000002,0.031,0.5660000000000001,0.8220000000000001,0.478,4.0,8.0,0.5,1.0,0.08199999999999999,0.031,0.648,0.7959999999999999,0.446,6.0,9.0,0.6666666666666666,205.0,player_profile_classic,player_profile_classic,"['Holger Rune', 'Jan Lennard Struff']",2025,,,,,,,,,,,,,,,,,,,G,128
2025-08-25,US Open,Hard,R64,Jannik Sinner,Alexei Popyrin,6-3 6-2 6-2,1.71,0.07400000000000001,0.049,0.506,0.805,0.6,5.0,5.0,1.0,0.58,0.08,0.053,0.5870000000000001,0.614,0.32299999999999995,4.0,9.0,0.4444444444444444,121.0,player_profile_classic,player_profile_classic,"['Alexei Popyrin', 'Jannik Sinner']",2025,,,,,,,,,,,,,,,,,,,G,128
2025-08-25,US Open,Hard,R64,Jaume Munar,Gabriel Diallo,7-5 6-3 7-5,1.21,0.0,0.037000000000000005,0.7040000000000001,0.645,0.531,6.0,10.0,0.6,0.83,0.067,0.028999999999999998,0.6729999999999999,0.643,0.294,6.0,13.0,0.46153846153846156,157.0,player_profile_classic,player_profile_classic,"['Jaume Munar', 'Gabriel Diallo']",2025,,,,,,,,,,,,,,,,,,,G,128
2025-08-25,US Open,Hard,R64,Jerome Kym,Brandon Nakashima,4-6 7-6(2) 7-5 3-6 7-6(8),1.02,0.165,0.028999999999999998,0.6409999999999999,0.725,0.541,6.0,11.0,0.5454545454545454,0.98,0.111,0.045,0.657,0.746,0.47100000000000003,10.0,14.0,0.7142857142857143,260.0,player_profile_classic,player_profile_classic,"['Brandon Nakashima', 'Jerome Kym']",2025,,,,,,,,,,,,,,,,,,,G,128
2025-08-25,US Open,Hard,R64,Jiri Lehecka,Tomas Martin Etcheverry,3-6 6-0 6-2 6-4,1.57,0.136,0.045,0.693,0.754,0.63,1.0,3.0,0.3333333333333333,0.64,0.044000000000000004,0.053,0.509,0.69,0.41100000000000003,8.0,14.0,0.5714285714285714,154.0,player_profile_classic,player_profile_classic,"['Jiri Lehecka', 'Tomas Martin Etcheverry']",2025,,,,,,,,,,,,,,,,,,,G,128
2025-08-25,US Open,Hard,R64,Kamil Majchrzak,Karen Khachanov,2-6 6-7(4) 6-4 7-5 7-6(5),0.93,0.065,0.023,0.627,0.706,0.519,13.0,17.0,0.7647058823529411,1.08,0.128,0.07,0.61,0.8290000000000001,0.40299999999999997,5.0,9.0,0.5555555555555556,271.0,player_profile_classic,player_profile_classic,"['Kamil Majchrzak', 'Karen Khachanov']",2025,,,,,,,,,,,,,,,,,,,G,128
2025-08-25,US Open,Hard,R64,Leandro Riedi,Francisco Cerundolo,3-6 4-6 6-4 6-4 6-2,1.13,0.10800000000000001,0.05,0.511,0.7040000000000001,0.5589999999999999,2.0,7.0,0.2857142857142857,0.88,0.022000000000000002,0.067,0.584,0.6920000000000001,0.43200000000000005,14.0,21.0,0.6666666666666666,215.0,player_profile_classic,player_profile_classic,"['Leandro Riedi', 'Francisco Cerundolo']",2025,,,,,,,,,,,,,,,,,,,G,128
2025-08-25,US Open,Hard,R64,Lorenzo Musetti,David Goffin,6-4 6-0 6-2,1.53,0.047,0.024,0.624,0.679,0.531,9.0,11.0,0.8181818181818182,0.65,0.042,0.113,0.423,0.5670000000000001,0.317,4.0,12.0,0.3333333333333333,123.0,player_profile_classic,player_profile_classic,"['Lorenzo Musetti', 'David Goffin']",2025,,,,,,,,,,,,,,,,,,,G,128
2025-08-25,US Open,Hard,R64,Luciano Darderi,Eliot Spizzirri,6-0 7-6(3) 2-6 6-4,1.17,0.10800000000000001,0.063,0.568,0.794,0.5,3.0,6.0,0.5,0.86,0.107,0.01,0.66,0.632,0.5710000000000001,1.0,6.0,0.16666666666666666,150.0,player_profile_classic,player_profile_classic,"['Luciano Darderi', 'Eliot Spizzirri']",2025,,,,,,,,,,,,,,,,,,,G,128
2025-08-25,US Open,Hard,R64,Novak Djokovic,Zachary Svajda,6-7(5) 6-3 6-3 6-1,1.7,0.096,0.038,0.5870000000000001,0.836,0.674,2.0,3.0,0.6666666666666666,0.59,0.07,0.026000000000000002,0.713,0.6459999999999999,0.515,9.0,15.0,0.6,151.0,player_profile_classic,player_profile_classic,"['Novak Djokovic', 'Zachary Svajda']",2025,,,,,,,,,,,,,,,,,,,G,128
2025-08-25,US Open,Hard,R64,Raphael Collignon,Casper Ruud,6-4 3-6 3-6 6-4 7-5,0.87,0.11199999999999999,0.106,0.602,0.691,0.43799999999999994,7.0,13.0,0.5384615384615384,1.15,0.086,0.021,0.586,0.7440000000000001,0.5,7.0,13.0,0.5384615384615384,210.0,player_profile_classic,player_profile_classic,"['Raphael Collignon', 'Casper Ruud']",2025,,,,,,,,,,,,,,,,,,,G,128
2025-08-25,US Open,Hard,R64,Taylor Fritz,Lloyd Harris,4-6 7-6(3) 6-2 6-4,1.26,0.126,0.022000000000000002,0.63,0.753,0.5,5.0,8.0,0.625,0.8,0.068,0.040999999999999995,0.544,0.713,0.40299999999999997,9.0,14.0,0.6428571428571429,207.0,player_profile_classic,player_profile_classic,"['Lloyd Harris', 'Taylor Fritz']",2025,,,,,,,,,,,,,,,,,,,G,128
2025-08-25,US Open,Hard,R64,Tomas Machac,Joao Fonseca,7-6(4) 6-2 6-3,1.23,0.032,0.022000000000000002,0.591,0.8,0.6579999999999999,4.0,4.0,1.0,0.82,0.114,0.051,0.6579999999999999,0.731,0.593,3.0,6.0,0.5,118.0,player_profile_classic,player_profile_classic,"['Tomas Machac', 'Joao Fonseca']",2025,,,,,,,,,,,,,,,,,,,G,128
2025-08-25,US Open,Hard,R64,Tommy Paul,Nuno Borges,7-6(6) 6-3 5-7 5-7 7-5,1.11,0.063,0.034,0.523,0.696,0.5710000000000001,9.0,16.0,0.5625,0.9,0.043,0.027000000000000003,0.659,0.705,0.381,10.0,18.0,0.5555555555555556,265.0,player_profile_classic,player_profile_classic,"['Nuno Borges', 'Tommy Paul']",2025,,,,,,,,,,,,,,,,,,,G,128
2025-08-25,US Open,Hard,R64,Ugo Blanchet,Jakub Mensik,6-7(2) 7-6(5) 3-6 6-4 7-6(7),0.97,0.071,0.054000000000000006,0.527,0.794,0.494,5.0,9.0,0.5555555555555556,1.03,0.158,0.065,0.527,0.763,0.552,3.0,7.0,0.42857142857142855,263.0,player_profile_classic,player_profile_classic,"['Jakub Mensik', 'Ugo Blanchet']",2025,,,,,,,,,,,,,,,,,,,G,128
2025-08-25,US Open,Hard,R64,Zizou Bergs,Jack Draper,W/O,,,,,,,,,,,,,,,,,,,,player_profile_classic,player_profile_classic,"['Jack Draper', 'Zizou Bergs']",2025,,,,,,,,,,,,,,,,,,,G,128
2025-08-25,US Open,Hard,SF,Carlos Alcaraz,Novak Djokovic,6-4 7-6(4) 6-2,1.4,0.079,0.022000000000000002,0.562,0.84,0.5379999999999999,0.0,1.0,0.0,0.71,0.043,0.054000000000000006,0.602,0.6609999999999999,0.486,3.0,7.0,0.42857142857142855,143.0,player_profile_classic,player_profile_classic,"['Carlos Alcaraz', 'Novak Djokovic']",2025,,,,,,,,,,,,,,,,,,,G,128
2025-08-25,US Open,Hard,SF,Jannik Sinner,Auger Aliassime,6-1 3-6 6-3 6-4,,,,,,,,,,,,,,,,,,,201.0,,,,2025,False,Felix Auger Aliassime,https://www.tennisabstract.com/cgi-bin/player-classic.cgi?p=FelixAugerAliassime,(ch),0.75,0.081,0.045,0.649,0.708,0.462,7.0,11.0,0.6363636363636364,JANNIK SINNER,AUGER ALIASSIME,6-1 3-6 6-3 6-4,SF,2025|2025-08-25|US Open|SF|JANNIK SINNER|AUGER ALIASSIME|6-1 3-6 6-3 6-4,G,128
2025-08-25,US Open,Hard,SF,Jannik Sinner,Felix Auger Aliassime,6-1 3-6 6-3 6-4,,,,,,,,,,,,,,,,,,,201.0,,,,2025,True,Jannik Sinner,https://www.tennisabstract.com/cgi-bin/player-classic.cgi?p=JannikSinner,(ch),1.33,0.10099999999999999,0.037000000000000005,0.532,0.759,0.667,9.0,10.0,0.9,JANNIK SINNER,FELIX AUGER ALIASSIME,6-1 3-6 6-3 6-4,SF,2025|2025-08-25|US Open|SF|JANNIK SINNER|FELIX AUGER ALIASSIME|6-1 3-6 6-3 6-4,G,128
